名前,分類,威力,ダイ,命中,PP,直接,守る,対象,タイプ_あく,タイプ_いわ,タイプ_かくとう,タイプ_くさ,タイプ_こおり,タイプ_じめん,タイプ_でんき,タイプ_どく,タイプ_はがね,タイプ_ひこう,タイプ_ほのお,タイプ_みず,タイプ_むし,タイプ_エスパー,タイプ_ゴースト,タイプ_ドラゴン,タイプ_ノーマル,タイプ_フェアリー
Gのちから,0.6666666666666666,0.32,0.8666666666666667,1.0,0.25,0.0,1.0,0.14285714285714285,0,0,0,1,0,0,0,0,0,0,0,0,0,0,0,0,0,0
アームハンマー,0.6666666666666666,0.4,0.6,0.9,0.25,1.0,1.0,0.14285714285714285,0,0,1,0,0,0,0,0,0,0,0,0,0,0,0,0,0,0
アイアンテール,0.6666666666666666,0.4,0.8666666666666667,0.75,0.375,1.0,1.0,0.14285714285714285,0,0,0,0,0,0,0,0,1,0,0,0,0,0,0,0,0,0
アイアンヘッド,0.6666666666666666,0.32,0.8666666666666667,1.0,0.375,1.0,1.0,0.14285714285714285,0,0,0,0,0,0,0,0,1,0,0,0,0,0,0,0,0,0
アイアンローラー,0.6666666666666666,0.52,0.9333333333333333,1.0,0.125,1.0,1.0,0.5714285714285714,0,0,0,0,0,0,0,0,1,0,0,0,0,0,0,0,0,0
あおいほのお,1.0,0.52,0.9333333333333333,0.85,0.125,0.0,1.0,0.14285714285714285,0,0,0,0,0,0,0,0,0,0,1,0,0,0,0,0,0,0
アクアジェット,0.6666666666666666,0.16,0.6,1.0,0.5,1.0,1.0,0.14285714285714285,0,0,0,0,0,0,0,0,0,0,0,1,0,0,0,0,0,0
アクアテール,0.6666666666666666,0.36,0.8666666666666667,0.9,0.25,1.0,1.0,0.14285714285714285,0,0,0,0,0,0,0,0,0,0,0,1,0,0,0,0,0,0
アクアブレイク,0.6666666666666666,0.34,0.8666666666666667,1.0,0.25,1.0,1.0,0.14285714285714285,0,0,0,0,0,0,0,0,0,0,0,1,0,0,0,0,0,0
アクアリング,0.3333333333333333,-1.0,-1.0,-1.0,0.5,0.0,0.0,0.9047619047619048,0,0,0,0,0,0,0,0,0,0,0,1,0,0,0,0,0,0
アクセルロック,0.6666666666666666,0.16,0.6,1.0,0.5,1.0,1.0,0.14285714285714285,0,1,0,0,0,0,0,0,0,0,0,0,0,0,0,0,0,0
あくのはどう,1.0,0.32,0.8666666666666667,1.0,0.375,0.0,1.0,0.14285714285714285,1,0,0,0,0,0,0,0,0,0,0,0,0,0,0,0,0,0
あくび,0.3333333333333333,-1.0,-1.0,-1.0,0.25,0.0,1.0,0.14285714285714285,0,0,0,0,0,0,0,0,0,0,0,0,0,0,0,0,1,0
アクロバット,0.6666666666666666,0.22,0.7333333333333333,1.0,0.375,1.0,1.0,0.14285714285714285,0,0,0,0,0,0,0,0,0,1,0,0,0,0,0,0,0,0
あさのひざし,0.3333333333333333,-1.0,-1.0,-1.0,0.125,0.0,0.0,0.9047619047619048,0,0,0,0,0,0,0,0,0,0,0,0,0,0,0,0,1,0
アシストギア,0.3333333333333333,-1.0,-1.0,-1.0,0.5,0.0,0.0,0.5238095238095238,0,0,0,0,0,0,0,0,1,0,0,0,0,0,0,0,0,0
アシストパワー,1.0,0.08,0.8666666666666667,1.0,0.25,0.0,1.0,0.14285714285714285,0,0,0,0,0,0,0,0,0,0,0,0,0,1,0,0,0,0
アシッドボム,1.0,0.16,0.4666666666666667,1.0,0.5,0.0,1.0,0.14285714285714285,0,0,0,0,0,0,0,1,0,0,0,0,0,0,0,0,0,0
あてみなげ,0.6666666666666666,0.28,0.5666666666666667,-1.0,0.25,1.0,1.0,0.14285714285714285,0,0,1,0,0,0,0,0,0,0,0,0,0,0,0,0,0,0
あなをほる,0.6666666666666666,0.32,0.8666666666666667,1.0,0.25,1.0,1.0,0.14285714285714285,0,0,0,0,0,1,0,0,0,0,0,0,0,0,0,0,0,0
あばれる,0.6666666666666666,0.48,0.9333333333333333,1.0,0.25,1.0,1.0,0.23809523809523808,0,0,0,0,0,0,0,0,0,0,0,0,0,0,0,0,1,0
アフロブレイク,0.6666666666666666,0.48,0.9333333333333333,1.0,0.375,1.0,1.0,0.7619047619047619,0,0,0,0,0,0,0,0,0,0,0,0,0,0,0,0,1,0
あまいかおり,0.3333333333333333,-1.0,-1.0,1.0,0.5,0.0,1.0,0.8571428571428571,0,0,0,0,0,0,0,0,0,0,0,0,0,0,0,0,1,0
あまえる,0.3333333333333333,-1.0,-1.0,1.0,0.5,0.0,1.0,0.14285714285714285,0,0,0,0,0,0,0,0,0,0,0,0,0,0,0,0,0,1
あまごい,0.3333333333333333,-1.0,-1.0,-1.0,0.125,0.0,0.0,0.38095238095238093,0,0,0,0,0,0,0,0,0,0,0,1,0,0,0,0,0,0
あやしいひかり,0.3333333333333333,-1.0,-1.0,1.0,0.25,0.0,1.0,0.14285714285714285,0,0,0,0,0,0,0,0,0,0,0,0,0,0,1,0,0,0
あられ,0.3333333333333333,-1.0,-1.0,-1.0,0.25,0.0,0.0,0.38095238095238093,0,0,0,0,1,0,0,0,0,0,0,0,0,0,0,0,0,0
アロマセラピー,0.3333333333333333,-1.0,-1.0,-1.0,0.125,0.0,0.0,0.5238095238095238,0,0,0,1,0,0,0,0,0,0,0,0,0,0,0,0,0,0
アロマミスト,0.3333333333333333,-1.0,-1.0,-1.0,0.5,0.0,0.0,0.42857142857142855,0,0,0,0,0,0,0,0,0,0,0,0,0,0,0,0,0,1
アンカーショット,0.6666666666666666,0.32,0.8666666666666667,1.0,0.5,1.0,1.0,0.14285714285714285,0,0,0,0,0,0,0,0,1,0,0,0,0,0,0,0,0,0
アンコール,0.3333333333333333,-1.0,-1.0,1.0,0.125,0.0,1.0,0.14285714285714285,0,0,0,0,0,0,0,0,0,0,0,0,0,0,0,0,1,0
あんこくきょうだ,0.6666666666666666,0.32,0.8666666666666667,1.0,0.125,1.0,1.0,0.7142857142857143,1,0,0,0,0,0,0,0,0,0,0,0,0,0,0,0,0,0
いあいぎり,0.6666666666666666,0.2,0.6666666666666666,0.95,0.75,1.0,1.0,0.14285714285714285,0,0,0,0,0,0,0,0,0,0,0,0,0,0,0,0,1,0
いえき,0.3333333333333333,-1.0,-1.0,1.0,0.25,0.0,1.0,0.14285714285714285,0,0,0,0,0,0,0,1,0,0,0,0,0,0,0,0,0,0
イカサマ,0.6666666666666666,0.38,0.8666666666666667,1.0,0.375,1.0,1.0,0.14285714285714285,1,0,0,0,0,0,0,0,0,0,0,0,0,0,0,0,0,0
いかりのこな,0.3333333333333333,-1.0,-1.0,-1.0,0.5,0.0,0.0,0.9047619047619048,0,0,0,0,0,0,0,0,0,0,0,0,1,0,0,0,0,0
いかりのまえば,0.6666666666666666,-1.0,0.6666666666666666,0.9,0.25,1.0,1.0,0.14285714285714285,0,0,0,0,0,0,0,0,0,0,0,0,0,0,0,0,1,0
いたみわけ,0.3333333333333333,-1.0,-1.0,-1.0,0.5,0.0,1.0,0.14285714285714285,0,0,0,0,0,0,0,0,0,0,0,0,0,0,0,0,1,0
いちゃもん,0.3333333333333333,-1.0,-1.0,1.0,0.375,0.0,1.0,0.14285714285714285,1,0,0,0,0,0,0,0,0,0,0,0,0,0,0,0,0,0
いとをはく,0.3333333333333333,-1.0,-1.0,0.95,1.0,0.0,1.0,0.8571428571428571,0,0,0,0,0,0,0,0,0,0,0,0,1,0,0,0,0,0
いのちがけ,1.0,-1.0,0.6666666666666666,1.0,0.125,0.0,1.0,0.14285714285714285,0,0,1,0,0,0,0,0,0,0,0,0,0,0,0,0,0,0
いのちのしずく,0.3333333333333333,-1.0,-1.0,-1.0,0.25,0.0,0.0,0.5238095238095238,0,0,0,0,0,0,0,0,0,0,0,1,0,0,0,0,0,0
いばる,0.3333333333333333,-1.0,-1.0,0.85,0.375,0.0,1.0,0.14285714285714285,0,0,0,0,0,0,0,0,0,0,0,0,0,0,0,0,1,0
いびき,1.0,0.2,0.6666666666666666,1.0,0.375,0.0,1.0,0.14285714285714285,0,0,0,0,0,0,0,0,0,0,0,0,0,0,0,0,1,0
いやしのすず,0.3333333333333333,-1.0,-1.0,-1.0,0.125,0.0,0.0,0.5238095238095238,0,0,0,0,0,0,0,0,0,0,0,0,0,0,0,0,1,0
いやしのねがい,0.3333333333333333,-1.0,-1.0,-1.0,0.25,0.0,0.0,0.9047619047619048,0,0,0,0,0,0,0,0,0,0,0,0,0,1,0,0,0,0
いやしのはどう,0.3333333333333333,-1.0,-1.0,-1.0,0.25,0.0,1.0,0.14285714285714285,0,0,0,0,0,0,0,0,0,0,0,0,0,1,0,0,0,0
いやなおと,0.3333333333333333,-1.0,-1.0,0.85,1.0,0.0,1.0,0.14285714285714285,0,0,0,0,0,0,0,0,0,0,0,0,0,0,0,0,1,0
いわおとし,0.6666666666666666,0.2,0.6666666666666666,0.9,0.375,0.0,1.0,0.14285714285714285,0,1,0,0,0,0,0,0,0,0,0,0,0,0,0,0,0,0
いわくだき,0.6666666666666666,0.16,0.4666666666666667,1.0,0.375,1.0,1.0,0.14285714285714285,0,0,1,0,0,0,0,0,0,0,0,0,0,0,0,0,0,0
いわなだれ,0.6666666666666666,0.3,0.8666666666666667,0.9,0.25,0.0,1.0,0.8571428571428571,0,1,0,0,0,0,0,0,0,0,0,0,0,0,0,0,0,0
インファイト,0.6666666666666666,0.48,0.6333333333333333,1.0,0.125,1.0,1.0,0.14285714285714285,0,0,1,0,0,0,0,0,0,0,0,0,0,0,0,0,0,0
ウェザーボール,1.0,0.2,0.8666666666666667,1.0,0.25,0.0,1.0,0.14285714285714285,0,0,0,0,0,0,0,0,0,0,0,0,0,0,0,0,1,0
うずしお,1.0,0.14,0.6,0.85,0.375,0.0,1.0,0.14285714285714285,0,0,0,0,0,0,0,0,0,0,0,1,0,0,0,0,0,0
うそなき,0.3333333333333333,-1.0,-1.0,1.0,0.5,0.0,1.0,0.14285714285714285,1,0,0,0,0,0,0,0,0,0,0,0,0,0,0,0,0,0
うたう,0.3333333333333333,-1.0,-1.0,0.55,0.375,0.0,1.0,0.14285714285714285,0,0,0,0,0,0,0,0,0,0,0,0,0,0,0,0,1,0
うたかたのアリア,1.0,0.36,0.8666666666666667,1.0,0.25,0.0,1.0,1.0,0,0,0,0,0,0,0,0,0,0,0,1,0,0,0,0,0,0
うちおとす,0.6666666666666666,0.2,0.6666666666666666,1.0,0.375,0.0,1.0,0.14285714285714285,0,1,0,0,0,0,0,0,0,0,0,0,0,0,0,0,0,0
ウッドハンマー,0.6666666666666666,0.48,0.9333333333333333,1.0,0.375,1.0,1.0,0.14285714285714285,0,0,0,1,0,0,0,0,0,0,0,0,0,0,0,0,0,0
ウッドホーン,0.6666666666666666,0.3,0.8666666666666667,1.0,0.25,1.0,1.0,0.14285714285714285,0,0,0,1,0,0,0,0,0,0,0,0,0,0,0,0,0,0
うっぷんばらし,0.6666666666666666,0.3,0.8666666666666667,1.0,0.125,1.0,1.0,0.14285714285714285,1,0,0,0,0,0,0,0,0,0,0,0,0,0,0,0,0,0
うらみ,0.3333333333333333,-1.0,-1.0,1.0,0.25,0.0,1.0,0.14285714285714285,0,0,0,0,0,0,0,0,0,0,0,0,0,0,1,0,0,0
エアカッター,1.0,0.24,0.7333333333333333,0.95,0.625,0.0,1.0,0.8571428571428571,0,0,0,0,0,0,0,0,0,1,0,0,0,0,0,0,0,0
エアスラッシュ,1.0,0.3,0.8666666666666667,0.95,0.375,0.0,1.0,0.14285714285714285,0,0,0,0,0,0,0,0,0,1,0,0,0,0,0,0,0,0
エコーボイス,1.0,0.16,0.6,1.0,0.375,0.0,1.0,0.14285714285714285,0,0,0,0,0,0,0,0,0,0,0,0,0,0,0,0,1,0
えだづき,0.6666666666666666,0.16,0.6,1.0,1.0,1.0,1.0,0.14285714285714285,0,0,0,1,0,0,0,0,0,0,0,0,0,0,0,0,0,0
エナジーボール,1.0,0.36,0.8666666666666667,1.0,0.25,0.0,1.0,0.14285714285714285,0,0,0,1,0,0,0,0,0,0,0,0,0,0,0,0,0,0
エラがみ,0.6666666666666666,0.34,0.8666666666666667,1.0,0.25,1.0,1.0,0.14285714285714285,0,0,0,0,0,0,0,0,0,0,0,1,0,0,0,0,0,0
エレキネット,1.0,0.22,0.7333333333333333,0.95,0.375,0.0,1.0,0.8571428571428571,0,0,0,0,0,0,1,0,0,0,0,0,0,0,0,0,0,0
エレキフィールド,0.3333333333333333,-1.0,-1.0,-1.0,0.25,0.0,0.0,0.38095238095238093,0,0,0,0,0,0,1,0,0,0,0,0,0,0,0,0,0,0
エレキボール,1.0,-1.0,0.8666666666666667,1.0,0.25,0.0,1.0,0.14285714285714285,0,0,0,0,0,0,1,0,0,0,0,0,0,0,0,0,0,0
えんまく,0.3333333333333333,-1.0,-1.0,1.0,0.5,0.0,1.0,0.14285714285714285,0,0,0,0,0,0,0,0,0,0,0,0,0,0,0,0,1,0
オーバードライブ,1.0,0.32,0.8666666666666667,1.0,0.25,0.0,1.0,0.8571428571428571,0,0,0,0,0,0,1,0,0,0,0,0,0,0,0,0,0,0
オーバーヒート,1.0,0.52,0.9333333333333333,0.9,0.125,0.0,1.0,0.14285714285714285,0,0,0,0,0,0,0,0,0,0,1,0,0,0,0,0,0,0
オーラぐるま,0.6666666666666666,0.44,0.9333333333333333,1.0,0.25,0.0,1.0,0.14285714285714285,0,0,0,0,0,0,1,0,0,0,0,0,0,0,0,0,0,0
オーロラビーム,1.0,0.26,0.8,1.0,0.5,0.0,1.0,0.14285714285714285,0,0,0,0,1,0,0,0,0,0,0,0,0,0,0,0,0,0
オーロラベール,0.3333333333333333,-1.0,-1.0,-1.0,0.5,0.0,0.0,0.47619047619047616,0,0,0,0,1,0,0,0,0,0,0,0,0,0,0,0,0,0
おいかぜ,0.3333333333333333,-1.0,-1.0,-1.0,0.375,0.0,0.0,0.47619047619047616,0,0,0,0,0,0,0,0,0,1,0,0,0,0,0,0,0,0
おいわい,0.3333333333333333,-1.0,-1.0,-1.0,1.0,0.0,0.0,0.9047619047619048,0,0,0,0,0,0,0,0,0,0,0,0,0,0,0,0,1,0
おきみやげ,0.3333333333333333,-1.0,-1.0,1.0,0.25,0.0,1.0,0.14285714285714285,1,0,0,0,0,0,0,0,0,0,0,0,0,0,0,0,0,0
オクタンほう,1.0,0.26,0.8,0.85,0.25,0.0,1.0,0.14285714285714285,0,0,0,0,0,0,0,0,0,0,0,1,0,0,0,0,0,0
おさきにどうぞ,0.3333333333333333,-1.0,-1.0,-1.0,0.375,0.0,0.0,0.14285714285714285,0,0,0,0,0,0,0,0,0,0,0,0,0,0,0,0,1,0
おたけび,0.3333333333333333,-1.0,-1.0,1.0,0.75,0.0,1.0,0.14285714285714285,0,0,0,0,0,0,0,0,0,0,0,0,0,0,0,0,1,0
おだてる,0.3333333333333333,-1.0,-1.0,1.0,0.375,0.0,1.0,0.14285714285714285,1,0,0,0,0,0,0,0,0,0,0,0,0,0,0,0,0,0
おちゃかい,0.3333333333333333,-1.0,-1.0,-1.0,0.25,0.0,0.0,0.3333333333333333,0,0,0,0,0,0,0,0,0,0,0,0,0,0,0,0,1,0
おどろかす,0.6666666666666666,0.12,0.6,1.0,0.375,1.0,1.0,0.14285714285714285,0,0,0,0,0,0,0,0,0,0,0,0,0,0,1,0,0,0
おにび,0.3333333333333333,-1.0,-1.0,0.85,0.375,0.0,1.0,0.14285714285714285,0,0,0,0,0,0,0,0,0,0,1,0,0,0,0,0,0,0
おんねん,0.3333333333333333,-1.0,-1.0,-1.0,0.125,0.0,0.0,0.9047619047619048,0,0,0,0,0,0,0,0,0,0,0,0,0,0,1,0,0,0
かいでんぱ,0.3333333333333333,-1.0,-1.0,1.0,0.375,0.0,1.0,0.14285714285714285,0,0,0,0,0,0,1,0,0,0,0,0,0,0,0,0,0,0
かいりき,0.6666666666666666,0.32,0.8666666666666667,1.0,0.375,1.0,1.0,0.14285714285714285,0,0,0,0,0,0,0,0,0,0,0,0,0,0,0,0,1,0
カウンター,0.6666666666666666,-1.0,0.5,1.0,0.5,1.0,1.0,0.2857142857142857,0,0,1,0,0,0,0,0,0,0,0,0,0,0,0,0,0,0
かえんぐるま,0.6666666666666666,0.24,0.7333333333333333,1.0,0.625,1.0,1.0,0.14285714285714285,0,0,0,0,0,0,0,0,0,0,1,0,0,0,0,0,0,0
かえんほうしゃ,1.0,0.36,0.8666666666666667,1.0,0.375,0.0,1.0,0.14285714285714285,0,0,0,0,0,0,0,0,0,0,1,0,0,0,0,0,0,0
かえんボール,0.6666666666666666,0.48,0.9333333333333333,0.9,0.125,0.0,1.0,0.14285714285714285,0,0,0,0,0,0,0,0,0,0,1,0,0,0,0,0,0,0
かげうち,0.6666666666666666,0.16,0.6,1.0,0.75,1.0,1.0,0.14285714285714285,0,0,0,0,0,0,0,0,0,0,0,0,0,0,1,0,0,0
かげぬい,0.6666666666666666,0.32,0.8666666666666667,1.0,0.25,0.0,1.0,0.14285714285714285,0,0,0,0,0,0,0,0,0,0,0,0,0,0,1,0,0,0
かげぶんしん,0.3333333333333333,-1.0,-1.0,-1.0,0.375,0.0,0.0,0.9047619047619048,0,0,0,0,0,0,0,0,0,0,0,0,0,0,0,0,1,0
かぜおこし,1.0,0.16,0.6,1.0,0.875,0.0,1.0,0.14285714285714285,0,0,0,0,0,0,0,0,0,1,0,0,0,0,0,0,0,0
かたきうち,0.6666666666666666,0.28,0.8,1.0,0.125,1.0,1.0,0.14285714285714285,0,0,0,0,0,0,0,0,0,0,0,0,0,0,0,0,1,0
かたくなる,0.3333333333333333,-1.0,-1.0,-1.0,0.75,0.0,0.0,0.9047619047619048,0,0,0,0,0,0,0,0,0,0,0,0,0,0,0,0,1,0
かなしばり,0.3333333333333333,-1.0,-1.0,1.0,0.5,0.0,1.0,0.14285714285714285,0,0,0,0,0,0,0,0,0,0,0,0,0,0,0,0,1,0
かふんだんご,1.0,0.36,0.8666666666666667,1.0,0.375,0.0,1.0,0.14285714285714285,0,0,0,0,0,0,0,0,0,0,0,0,1,0,0,0,0,0
かみくだく,0.6666666666666666,0.32,0.8666666666666667,1.0,0.375,1.0,1.0,0.14285714285714285,1,0,0,0,0,0,0,0,0,0,0,0,0,0,0,0,0,0
かみつく,0.6666666666666666,0.24,0.7333333333333333,1.0,0.625,1.0,1.0,0.14285714285714285,1,0,0,0,0,0,0,0,0,0,0,0,0,0,0,0,0,0
かみなり,1.0,0.44,0.9333333333333333,0.7,0.25,0.0,1.0,0.14285714285714285,0,0,0,0,0,0,1,0,0,0,0,0,0,0,0,0,0,0
かみなりのキバ,0.6666666666666666,0.26,0.8,0.95,0.375,1.0,1.0,0.14285714285714285,0,0,0,0,0,0,1,0,0,0,0,0,0,0,0,0,0,0
かみなりパンチ,0.6666666666666666,0.3,0.8666666666666667,1.0,0.375,1.0,1.0,0.14285714285714285,0,0,0,0,0,0,1,0,0,0,0,0,0,0,0,0,0,0
からげんき,0.6666666666666666,0.28,0.8,1.0,0.5,1.0,1.0,0.14285714285714285,0,0,0,0,0,0,0,0,0,0,0,0,0,0,0,0,1,0
からにこもる,0.3333333333333333,-1.0,-1.0,-1.0,1.0,0.0,0.0,0.9047619047619048,0,0,0,0,0,0,0,0,0,0,0,1,0,0,0,0,0,0
からをやぶる,0.3333333333333333,-1.0,-1.0,-1.0,0.375,0.0,0.0,0.9047619047619048,0,0,0,0,0,0,0,0,0,0,0,0,0,0,0,0,1,0
かわらわり,0.6666666666666666,0.3,0.6,1.0,0.375,1.0,1.0,0.14285714285714285,0,0,1,0,0,0,0,0,0,0,0,0,0,0,0,0,0,0
ガードシェア,0.3333333333333333,-1.0,-1.0,-1.0,0.25,0.0,1.0,0.14285714285714285,0,0,0,0,0,0,0,0,0,0,0,0,0,1,0,0,0,0
ガードスワップ,0.3333333333333333,-1.0,-1.0,-1.0,0.25,0.0,1.0,0.14285714285714285,0,0,0,0,0,0,0,0,0,0,0,0,0,1,0,0,0,0
がむしゃら,0.6666666666666666,-1.0,0.8666666666666667,1.0,0.125,1.0,1.0,0.14285714285714285,0,0,0,0,0,0,0,0,0,0,0,0,0,0,0,0,1,0
がんせきふうじ,0.6666666666666666,0.24,0.7333333333333333,0.95,0.375,0.0,1.0,0.14285714285714285,0,1,0,0,0,0,0,0,0,0,0,0,0,0,0,0,0,0
がんせきほう,0.6666666666666666,0.6,1.0,0.9,0.125,0.0,1.0,0.14285714285714285,0,1,0,0,0,0,0,0,0,0,0,0,0,0,0,0,0,0
きあいだま,1.0,0.48,0.6333333333333333,0.7,0.125,0.0,1.0,0.14285714285714285,0,0,1,0,0,0,0,0,0,0,0,0,0,0,0,0,0,0
きあいだめ,0.3333333333333333,-1.0,-1.0,-1.0,0.75,0.0,0.0,0.9047619047619048,0,0,0,0,0,0,0,0,0,0,0,0,0,0,0,0,1,0
きあいパンチ,0.6666666666666666,0.6,0.6666666666666666,1.0,0.5,1.0,1.0,0.14285714285714285,0,0,1,0,0,0,0,0,0,0,0,0,0,0,0,0,0,0
きしかいせい,0.6666666666666666,-1.0,0.6666666666666666,1.0,0.375,1.0,1.0,0.14285714285714285,0,0,1,0,0,0,0,0,0,0,0,0,0,0,0,0,0,0
キノコのほうし,0.3333333333333333,-1.0,-1.0,1.0,0.375,0.0,1.0,0.14285714285714285,0,0,0,1,0,0,0,0,0,0,0,0,0,0,0,0,0,0
きゅうけつ,0.6666666666666666,0.32,0.8666666666666667,1.0,0.25,1.0,1.0,0.14285714285714285,0,0,0,0,0,0,0,0,0,0,0,0,1,0,0,0,0,0
きょじゅうざん,0.6666666666666666,0.4,0.8666666666666667,1.0,0.125,1.0,1.0,0.14285714285714285,0,0,0,0,0,0,0,0,1,0,0,0,0,0,0,0,0,0
きょじゅうだん,0.6666666666666666,0.4,0.8666666666666667,1.0,0.125,1.0,1.0,0.14285714285714285,0,0,0,0,0,0,0,0,1,0,0,0,0,0,0,0,0,0
キョダイカンロ,0.0,-1.0,-1.0,-1.0,-1.0,0.0,0.0,0.14285714285714285,0,0,0,1,0,0,0,0,0,0,0,0,0,0,0,0,0,0
キョダイガンジン,0.0,-1.0,-1.0,-1.0,-1.0,0.0,0.0,0.14285714285714285,0,0,0,0,0,0,0,0,0,0,0,1,0,0,0,0,0,0
キョダイゲンエイ,0.0,-1.0,-1.0,-1.0,-1.0,0.0,0.0,0.14285714285714285,0,0,0,0,0,0,0,0,0,0,0,0,0,0,1,0,0,0
キョダイゲンスイ,0.0,-1.0,-1.0,-1.0,-1.0,0.0,0.0,0.14285714285714285,0,0,0,0,0,0,0,0,0,0,0,0,0,0,0,1,0,0
キョダイコウジン,0.0,-1.0,-1.0,-1.0,-1.0,0.0,0.0,0.14285714285714285,0,0,0,0,0,0,0,0,1,0,0,0,0,0,0,0,0,0
キョダイコバン,0.0,-1.0,-1.0,-1.0,-1.0,0.0,0.0,0.14285714285714285,0,0,0,0,0,0,0,0,0,0,0,0,0,0,0,0,1,0
キョダイコワク,0.0,-1.0,-1.0,-1.0,-1.0,0.0,0.0,0.14285714285714285,0,0,0,0,0,0,0,0,0,0,0,0,1,0,0,0,0,0
キョダイゴクエン,0.0,-1.0,-1.0,-1.0,-1.0,0.0,0.0,0.14285714285714285,0,0,0,0,0,0,0,0,0,0,1,0,0,0,0,0,0,0
キョダイサイセイ,0.0,-1.0,-1.0,-1.0,-1.0,0.0,0.0,0.14285714285714285,0,0,0,0,0,0,0,0,0,0,0,0,0,0,0,0,1,0
キョダイサジン,0.0,-1.0,-1.0,-1.0,-1.0,0.0,0.0,0.14285714285714285,0,0,0,0,0,1,0,0,0,0,0,0,0,0,0,0,0,0
キョダイサンゲキ,0.0,-1.0,-1.0,-1.0,-1.0,0.0,0.0,0.14285714285714285,0,0,0,1,0,0,0,0,0,0,0,0,0,0,0,0,0,0
キョダイシュウキ,0.0,-1.0,-1.0,-1.0,-1.0,0.0,0.0,0.14285714285714285,0,0,0,0,0,0,0,1,0,0,0,0,0,0,0,0,0,0
キョダイシンゲキ,0.0,-1.0,-1.0,-1.0,-1.0,0.0,0.0,0.14285714285714285,0,0,1,0,0,0,0,0,0,0,0,0,0,0,0,0,0,0
キョダイスイマ,0.0,-1.0,-1.0,-1.0,-1.0,0.0,0.0,0.14285714285714285,1,0,0,0,0,0,0,0,0,0,0,0,0,0,0,0,0,0
キョダイセンリツ,0.0,-1.0,-1.0,-1.0,-1.0,0.0,0.0,0.14285714285714285,0,0,0,0,1,0,0,0,0,0,0,0,0,0,0,0,0,0
キョダイダンエン,0.0,-1.0,-1.0,-1.0,-1.0,0.0,0.0,0.14285714285714285,0,0,0,0,0,0,0,0,0,0,0,0,0,0,0,0,0,1
キョダイテンドウ,0.0,-1.0,-1.0,-1.0,-1.0,0.0,0.0,0.14285714285714285,0,0,0,0,0,0,0,0,0,0,0,0,0,1,0,0,0,0
キョダイテンバツ,0.0,-1.0,-1.0,-1.0,-1.0,0.0,0.0,0.14285714285714285,0,0,0,0,0,0,0,0,0,0,0,0,0,0,0,0,0,1
キョダイバンライ,0.0,-1.0,-1.0,-1.0,-1.0,0.0,0.0,0.14285714285714285,0,0,0,0,0,0,1,0,0,0,0,0,0,0,0,0,0,0
キョダイヒャッカ,0.0,-1.0,-1.0,-1.0,-1.0,0.0,0.0,0.14285714285714285,0,0,0,0,0,0,0,0,0,0,1,0,0,0,0,0,0,0
キョダイフウゲキ,0.0,-1.0,-1.0,-1.0,-1.0,0.0,0.0,0.14285714285714285,0,0,0,0,0,0,0,0,0,1,0,0,0,0,0,0,0,0
キョダイフンセキ,0.0,-1.0,-1.0,-1.0,-1.0,0.0,0.0,0.14285714285714285,0,1,0,0,0,0,0,0,0,0,0,0,0,0,0,0,0,0
キョダイホーヨー,0.0,-1.0,-1.0,-1.0,-1.0,0.0,0.0,0.14285714285714285,0,0,0,0,0,0,0,0,0,0,0,0,0,0,0,0,1,0
キョダイホウマツ,0.0,-1.0,-1.0,-1.0,-1.0,0.0,0.0,0.14285714285714285,0,0,0,0,0,0,0,0,0,0,0,1,0,0,0,0,0,0
きりさく,0.6666666666666666,0.28,0.8,1.0,0.5,1.0,1.0,0.14285714285714285,0,0,0,0,0,0,0,0,0,0,0,0,0,0,0,0,1,0
きりばらい,0.3333333333333333,-1.0,-1.0,-1.0,0.375,0.0,1.0,0.14285714285714285,0,0,0,0,0,0,0,0,0,1,0,0,0,0,0,0,0,0
キングシールド,0.3333333333333333,-1.0,-1.0,-1.0,0.25,0.0,0.0,0.9047619047619048,0,0,0,0,0,0,0,0,1,0,0,0,0,0,0,0,0,0
きんぞくおん,0.3333333333333333,-1.0,-1.0,0.85,1.0,0.0,1.0,0.14285714285714285,0,0,0,0,0,0,0,0,1,0,0,0,0,0,0,0,0,0
ギアソーサー,0.6666666666666666,0.2,0.8666666666666667,0.85,0.375,1.0,1.0,0.14285714285714285,0,0,0,0,0,0,0,0,1,0,0,0,0,0,0,0,0,0
ギアチェンジ,0.3333333333333333,-1.0,-1.0,-1.0,0.25,0.0,0.0,0.9047619047619048,0,0,0,0,0,0,0,0,1,0,0,0,0,0,0,0,0,0
ギガインパクト,0.6666666666666666,0.6,1.0,0.9,0.125,1.0,1.0,0.14285714285714285,0,0,0,0,0,0,0,0,0,0,0,0,0,0,0,0,1,0
ギガドレイン,1.0,0.3,0.8666666666666667,1.0,0.25,0.0,1.0,0.14285714285714285,0,0,0,1,0,0,0,0,0,0,0,0,0,0,0,0,0,0
クイックターン,0.6666666666666666,0.24,0.7333333333333333,1.0,0.5,1.0,1.0,0.14285714285714285,0,0,0,0,0,0,0,0,0,0,0,1,0,0,0,0,0,0
くさのちかい,1.0,0.32,0.8666666666666667,1.0,0.25,0.0,1.0,0.14285714285714285,0,0,0,1,0,0,0,0,0,0,0,0,0,0,0,0,0,0
くさむすび,1.0,-1.0,0.8666666666666667,1.0,0.5,1.0,1.0,0.14285714285714285,0,0,0,1,0,0,0,0,0,0,0,0,0,0,0,0,0,0
くすぐる,0.3333333333333333,-1.0,-1.0,1.0,0.5,0.0,1.0,0.14285714285714285,0,0,0,0,0,0,0,0,0,0,0,0,0,0,0,0,1,0
くらいつく,0.6666666666666666,0.32,0.8666666666666667,1.0,0.25,1.0,1.0,0.14285714285714285,1,0,0,0,0,0,0,0,0,0,0,0,0,0,0,0,0,0
クラブハンマー,0.6666666666666666,0.4,0.8666666666666667,0.9,0.25,1.0,1.0,0.14285714285714285,0,0,0,0,0,0,0,0,0,0,0,1,0,0,0,0,0,0
クリアスモッグ,1.0,0.2,0.5,-1.0,0.375,0.0,1.0,0.14285714285714285,0,0,0,0,0,0,0,1,0,0,0,0,0,0,0,0,0,0
くろいきり,0.3333333333333333,-1.0,-1.0,-1.0,0.75,0.0,0.0,0.38095238095238093,0,0,0,0,1,0,0,0,0,0,0,0,0,0,0,0,0,0
くろいまなざし,0.3333333333333333,-1.0,-1.0,-1.0,0.125,0.0,0.0,0.14285714285714285,0,0,0,0,0,0,0,0,0,0,0,0,0,0,0,0,1,0
グラススライダー,0.6666666666666666,0.28,0.8,1.0,0.5,1.0,1.0,0.6190476190476191,0,0,0,1,0,0,0,0,0,0,0,0,0,0,0,0,0,0
クロスチョップ,0.6666666666666666,0.4,0.6,0.8,0.125,1.0,1.0,0.14285714285714285,0,0,1,0,0,0,0,0,0,0,0,0,0,0,0,0,0,0
クロスフレイム,1.0,0.4,0.8666666666666667,1.0,0.125,0.0,1.0,0.14285714285714285,0,0,0,0,0,0,0,0,0,0,1,0,0,0,0,0,0,0
クロスポイズン,0.6666666666666666,0.28,0.5666666666666667,1.0,0.5,1.0,1.0,0.14285714285714285,0,0,0,0,0,0,0,1,0,0,0,0,0,0,0,0,0,0
グラスフィールド,0.3333333333333333,-1.0,-1.0,-1.0,0.25,0.0,0.0,0.38095238095238093,0,0,0,1,0,0,0,0,0,0,0,0,0,0,0,0,0,0
グラスミキサー,1.0,0.26,0.8,0.9,0.25,0.0,1.0,0.14285714285714285,0,0,0,1,0,0,0,0,0,0,0,0,0,0,0,0,0,0
グロウパンチ,0.6666666666666666,0.16,0.4666666666666667,1.0,0.5,1.0,1.0,0.14285714285714285,0,0,1,0,0,0,0,0,0,0,0,0,0,0,0,0,0,0
けたぐり,0.6666666666666666,-1.0,0.6666666666666666,1.0,0.5,1.0,1.0,0.14285714285714285,0,0,1,0,0,0,0,0,0,0,0,0,0,0,0,0,0,0
げきりん,0.6666666666666666,0.48,0.9333333333333333,1.0,0.25,1.0,1.0,0.23809523809523808,0,0,0,0,0,0,0,0,0,0,0,0,0,0,0,1,0,0
ゲップ,1.0,0.48,0.6333333333333333,0.9,0.25,0.0,1.0,0.14285714285714285,0,0,0,0,0,0,0,1,0,0,0,0,0,0,0,0,0,0
げんしのちから,1.0,0.24,0.7333333333333333,1.0,0.125,0.0,1.0,0.14285714285714285,0,1,0,0,0,0,0,0,0,0,0,0,0,0,0,0,0,0
コートチェンジ,0.3333333333333333,-1.0,-1.0,1.0,0.25,0.0,0.0,0.38095238095238093,0,0,0,0,0,0,0,0,0,0,0,0,0,0,0,0,1,0
コールドフレア,1.0,0.56,0.9333333333333333,0.9,0.125,0.0,1.0,0.14285714285714285,0,0,0,0,1,0,0,0,0,0,0,0,0,0,0,0,0,0
こうげきしれい,0.6666666666666666,0.36,0.8666666666666667,1.0,0.375,0.0,1.0,0.14285714285714285,0,0,0,0,0,0,0,0,0,0,0,0,1,0,0,0,0,0
こうごうせい,0.3333333333333333,-1.0,-1.0,-1.0,0.125,0.0,0.0,0.9047619047619048,0,0,0,1,0,0,0,0,0,0,0,0,0,0,0,0,0,0
こうそくいどう,0.3333333333333333,-1.0,-1.0,-1.0,0.75,0.0,0.0,0.9047619047619048,0,0,0,0,0,0,0,0,0,0,0,0,0,1,0,0,0,0
こうそくスピン,0.6666666666666666,0.2,0.6666666666666666,1.0,1.0,1.0,1.0,0.14285714285714285,0,0,0,0,0,0,0,0,0,0,0,0,0,0,0,0,1,0
こおりのいぶき,1.0,0.24,0.7333333333333333,0.9,0.25,0.0,1.0,0.14285714285714285,0,0,0,0,1,0,0,0,0,0,0,0,0,0,0,0,0,0
こおりのキバ,0.6666666666666666,0.26,0.8,0.95,0.375,1.0,1.0,0.14285714285714285,0,0,0,0,1,0,0,0,0,0,0,0,0,0,0,0,0,0
こおりのつぶて,0.6666666666666666,0.16,0.6,1.0,0.75,0.0,1.0,0.14285714285714285,0,0,0,0,1,0,0,0,0,0,0,0,0,0,0,0,0,0
こころのめ,0.3333333333333333,-1.0,-1.0,-1.0,0.125,0.0,1.0,0.14285714285714285,0,0,0,0,0,0,0,0,0,0,0,0,0,0,0,0,1,0
こごえるかぜ,1.0,0.22,0.7333333333333333,0.95,0.375,0.0,1.0,0.8571428571428571,0,0,0,0,1,0,0,0,0,0,0,0,0,0,0,0,0,0
こごえるせかい,1.0,0.26,0.8,0.95,0.25,0.0,1.0,0.8571428571428571,0,0,0,0,1,0,0,0,0,0,0,0,0,0,0,0,0,0
コスモパワー,0.3333333333333333,-1.0,-1.0,-1.0,0.5,0.0,0.0,0.9047619047619048,0,0,0,0,0,0,0,0,0,0,0,0,0,1,0,0,0,0
コットンガード,0.3333333333333333,-1.0,-1.0,-1.0,0.25,0.0,0.0,0.9047619047619048,0,0,0,1,0,0,0,0,0,0,0,0,0,0,0,0,0,0
こなゆき,1.0,0.16,0.6,1.0,0.625,0.0,1.0,0.8571428571428571,0,0,0,0,1,0,0,0,0,0,0,0,0,0,0,0,0,0
このは,0.6666666666666666,0.16,0.6,1.0,1.0,0.0,1.0,0.14285714285714285,0,0,0,1,0,0,0,0,0,0,0,0,0,0,0,0,0,0
このゆびとまれ,0.3333333333333333,-1.0,-1.0,-1.0,0.5,0.0,0.0,0.9047619047619048,0,0,0,0,0,0,0,0,0,0,0,0,0,0,0,0,1,0
コメットパンチ,0.6666666666666666,0.36,0.8666666666666667,0.9,0.25,1.0,1.0,0.14285714285714285,0,0,0,0,0,0,0,0,1,0,0,0,0,0,0,0,0,0
こらえる,0.3333333333333333,-1.0,-1.0,-1.0,0.25,0.0,0.0,0.9047619047619048,0,0,0,0,0,0,0,0,0,0,0,0,0,0,0,0,1,0
ころがる,0.6666666666666666,0.12,0.6,0.9,0.5,1.0,1.0,0.14285714285714285,0,1,0,0,0,0,0,0,0,0,0,0,0,0,0,0,0,0
こわいかお,0.3333333333333333,-1.0,-1.0,1.0,0.25,0.0,1.0,0.14285714285714285,0,0,0,0,0,0,0,0,0,0,0,0,0,0,0,0,1,0
ゴーストダイブ,0.6666666666666666,0.36,0.8666666666666667,1.0,0.25,1.0,0.0,0.14285714285714285,0,0,0,0,0,0,0,0,0,0,0,0,0,0,1,0,0,0
ゴッドバード,0.6666666666666666,0.56,0.9333333333333333,0.9,0.125,0.0,1.0,0.14285714285714285,0,0,0,0,0,0,0,0,0,1,0,0,0,0,0,0,0,0
サイケこうせん,1.0,0.26,0.8,1.0,0.5,0.0,1.0,0.14285714285714285,0,0,0,0,0,0,0,0,0,0,0,0,0,1,0,0,0,0
サイコカッター,0.6666666666666666,0.28,0.8,1.0,0.5,0.0,1.0,0.14285714285714285,0,0,0,0,0,0,0,0,0,0,0,0,0,1,0,0,0,0
サイコキネシス,1.0,0.36,0.8666666666666667,1.0,0.25,0.0,1.0,0.14285714285714285,0,0,0,0,0,0,0,0,0,0,0,0,0,1,0,0,0,0
サイコシフト,0.3333333333333333,-1.0,-1.0,1.0,0.25,0.0,1.0,0.14285714285714285,0,0,0,0,0,0,0,0,0,0,0,0,0,1,0,0,0,0
サイコショック,1.0,0.32,0.8666666666666667,1.0,0.25,0.0,1.0,0.14285714285714285,0,0,0,0,0,0,0,0,0,0,0,0,0,1,0,0,0,0
サイコファング,0.6666666666666666,0.34,0.8666666666666667,1.0,0.25,1.0,1.0,0.14285714285714285,0,0,0,0,0,0,0,0,0,0,0,0,0,1,0,0,0,0
サイコフィールド,0.3333333333333333,-1.0,-1.0,-1.0,0.25,0.0,0.0,0.38095238095238093,0,0,0,0,0,0,0,0,0,0,0,0,0,1,0,0,0,0
サイコブレイク,1.0,0.4,0.8666666666666667,1.0,0.25,0.0,1.0,0.14285714285714285,0,0,0,0,0,0,0,0,0,0,0,0,0,1,0,0,0,0
サイドチェンジ,0.3333333333333333,-1.0,-1.0,-1.0,0.375,0.0,0.0,0.9047619047619048,0,0,0,0,0,0,0,0,0,0,0,0,0,1,0,0,0,0
さいはい,0.3333333333333333,-1.0,-1.0,-1.0,0.375,0.0,1.0,0.14285714285714285,0,0,0,0,0,0,0,0,0,0,0,0,0,1,0,0,0,0
さいみんじゅつ,0.3333333333333333,-1.0,-1.0,0.6,0.5,0.0,1.0,0.14285714285714285,0,0,0,0,0,0,0,0,0,0,0,0,0,1,0,0,0,0
さきおくり,0.3333333333333333,-1.0,-1.0,1.0,0.375,0.0,1.0,0.14285714285714285,1,0,0,0,0,0,0,0,0,0,0,0,0,0,0,0,0,0
さわぐ,1.0,0.36,0.8666666666666667,1.0,0.25,0.0,1.0,0.23809523809523808,0,0,0,0,0,0,0,0,0,0,0,0,0,0,0,0,1,0
シェルブレード,0.6666666666666666,0.3,0.8666666666666667,0.95,0.25,1.0,1.0,0.14285714285714285,0,0,0,0,0,0,0,0,0,0,0,1,0,0,0,0,0,0
しおふき,1.0,0.6,1.0,1.0,0.125,0.0,1.0,0.8571428571428571,0,0,0,0,0,0,0,0,0,0,0,1,0,0,0,0,0,0
しおみず,1.0,0.26,0.8,1.0,0.25,0.0,1.0,0.14285714285714285,0,0,0,0,0,0,0,0,0,0,0,1,0,0,0,0,0,0
シザークロス,0.6666666666666666,0.32,0.8666666666666667,1.0,0.375,1.0,1.0,0.14285714285714285,0,0,0,0,0,0,0,0,0,0,0,0,1,0,0,0,0,0
しぜんのちから,0.3333333333333333,-1.0,-1.0,-1.0,0.5,0.0,0.0,0.14285714285714285,0,0,0,0,0,0,0,0,0,0,0,0,0,0,0,0,1,0
したでなめる,0.6666666666666666,0.12,0.6,1.0,0.75,1.0,1.0,0.14285714285714285,0,0,0,0,0,0,0,0,0,0,0,0,0,0,1,0,0,0
しっぺがえし,0.6666666666666666,0.2,0.6666666666666666,1.0,0.25,1.0,1.0,0.14285714285714285,1,0,0,0,0,0,0,0,0,0,0,0,0,0,0,0,0,0
しっとのほのお,1.0,0.28,0.8,1.0,0.125,0.0,1.0,0.8571428571428571,0,0,0,0,0,0,0,0,0,0,1,0,0,0,0,0,0,0
しっぽをふる,0.3333333333333333,-1.0,-1.0,1.0,0.75,0.0,1.0,0.8571428571428571,0,0,0,0,0,0,0,0,0,0,0,0,0,0,0,0,1,0
しねんのずつき,0.6666666666666666,0.32,0.8666666666666667,0.9,0.375,1.0,1.0,0.14285714285714285,0,0,0,0,0,0,0,0,0,0,0,0,0,1,0,0,0,0
しびれごな,0.3333333333333333,-1.0,-1.0,0.75,0.75,0.0,1.0,0.14285714285714285,0,0,0,1,0,0,0,0,0,0,0,0,0,0,0,0,0,0
しめつける,0.6666666666666666,0.06,0.6,0.85,0.5,1.0,1.0,0.14285714285714285,0,0,0,0,0,0,0,0,0,0,0,0,0,0,0,0,1,0
シャドークロー,0.6666666666666666,0.28,0.8,1.0,0.375,1.0,1.0,0.14285714285714285,0,0,0,0,0,0,0,0,0,0,0,0,0,0,1,0,0,0
シャドースチール,0.6666666666666666,0.36,0.8666666666666667,1.0,0.25,1.0,1.0,0.14285714285714285,0,0,0,0,0,0,0,0,0,0,0,0,0,0,1,0,0,0
シャドーパンチ,0.6666666666666666,0.24,0.7333333333333333,-1.0,0.5,1.0,1.0,0.14285714285714285,0,0,0,0,0,0,0,0,0,0,0,0,0,0,1,0,0,0
シャドーボール,1.0,0.32,0.8666666666666667,1.0,0.375,0.0,1.0,0.14285714285714285,0,0,0,0,0,0,0,0,0,0,0,0,0,0,1,0,0,0
シャドーレイ,1.0,0.4,0.8666666666666667,1.0,0.125,0.0,1.0,0.14285714285714285,0,0,0,0,0,0,0,0,0,0,0,0,0,0,1,0,0,0
しろいきり,0.3333333333333333,-1.0,-1.0,-1.0,0.75,0.0,0.0,0.47619047619047616,0,0,0,0,1,0,0,0,0,0,0,0,0,0,0,0,0,0
しんくうは,1.0,0.16,0.4666666666666667,1.0,0.75,0.0,1.0,0.14285714285714285,0,0,1,0,0,0,0,0,0,0,0,0,0,0,0,0,0,0
しんそく,0.6666666666666666,0.32,0.8666666666666667,1.0,0.125,1.0,1.0,0.14285714285714285,0,0,0,0,0,0,0,0,0,0,0,0,0,0,0,0,1,0
しんぴのつるぎ,1.0,0.34,0.6,1.0,0.25,0.0,1.0,0.14285714285714285,0,0,1,0,0,0,0,0,0,0,0,0,0,0,0,0,0,0
しんぴのまもり,0.3333333333333333,-1.0,-1.0,-1.0,0.625,0.0,0.0,0.47619047619047616,0,0,0,0,0,0,0,0,0,0,0,0,0,0,0,0,1,0
シンプルビーム,0.3333333333333333,-1.0,-1.0,1.0,0.375,0.0,1.0,0.14285714285714285,0,0,0,0,0,0,0,0,0,0,0,0,0,0,0,0,1,0
じこあんじ,0.3333333333333333,-1.0,-1.0,-1.0,0.25,0.0,0.0,0.14285714285714285,0,0,0,0,0,0,0,0,0,0,0,0,0,0,0,0,1,0
じこさいせい,0.3333333333333333,-1.0,-1.0,-1.0,0.25,0.0,0.0,0.9047619047619048,0,0,0,0,0,0,0,0,0,0,0,0,0,0,0,0,1,0
じごくぐるま,0.6666666666666666,0.32,0.6,0.8,0.5,1.0,1.0,0.14285714285714285,0,0,1,0,0,0,0,0,0,0,0,0,0,0,0,0,0,0
じごくづき,0.6666666666666666,0.32,0.8666666666666667,1.0,0.375,1.0,1.0,0.14285714285714285,1,0,0,0,0,0,0,0,0,0,0,0,0,0,0,0,0,0
じしん,0.6666666666666666,0.4,0.8666666666666667,1.0,0.25,0.0,1.0,1.0,0,0,0,0,0,1,0,0,0,0,0,0,0,0,0,0,0,0
じたばた,0.6666666666666666,-1.0,0.8666666666666667,1.0,0.375,1.0,1.0,0.14285714285714285,0,0,0,0,0,0,0,0,0,0,0,0,0,0,0,0,1,0
じだんだ,0.6666666666666666,0.3,0.8666666666666667,1.0,0.25,1.0,1.0,0.14285714285714285,0,0,0,0,0,1,0,0,0,0,0,0,0,0,0,0,0,0
じならし,0.6666666666666666,0.24,0.7333333333333333,1.0,0.5,0.0,1.0,1.0,0,0,0,0,0,1,0,0,0,0,0,0,0,0,0,0,0,0
じばく,0.6666666666666666,0.8,1.0,1.0,0.125,0.0,1.0,1.0,0,0,0,0,0,0,0,0,0,0,0,0,0,0,0,0,1,0
じばそうさ,0.3333333333333333,-1.0,-1.0,-1.0,0.5,0.0,0.0,0.5238095238095238,0,0,0,0,0,0,1,0,0,0,0,0,0,0,0,0,0,0
ジャイロボール,0.6666666666666666,-1.0,0.8666666666666667,1.0,0.125,1.0,1.0,0.14285714285714285,0,0,0,0,0,0,0,0,1,0,0,0,0,0,0,0,0,0
じゃれつく,0.6666666666666666,0.36,0.8666666666666667,0.9,0.25,1.0,1.0,0.14285714285714285,0,0,0,0,0,0,0,0,0,0,0,0,0,0,0,0,0,1
じゅうでん,0.3333333333333333,-1.0,-1.0,-1.0,0.5,0.0,0.0,0.9047619047619048,0,0,0,0,0,0,1,0,0,0,0,0,0,0,0,0,0,0
10まんばりき,0.6666666666666666,0.38,0.8666666666666667,0.95,0.25,1.0,1.0,0.14285714285714285,0,0,0,0,0,1,0,0,0,0,0,0,0,0,0,0,0,0
10まんボルト,1.0,0.36,0.8666666666666667,1.0,0.375,0.0,1.0,0.14285714285714285,0,0,0,0,0,0,1,0,0,0,0,0,0,0,0,0,0,0
じゅうりょく,0.3333333333333333,-1.0,-1.0,-1.0,0.125,0.0,0.0,0.38095238095238093,0,0,0,0,0,0,0,0,0,0,0,0,0,1,0,0,0,0
じょうか,0.3333333333333333,-1.0,-1.0,-1.0,0.5,0.0,1.0,0.14285714285714285,0,0,0,0,0,0,0,1,0,0,0,0,0,0,0,0,0,0
じわれ,0.6666666666666666,-1.0,0.8666666666666667,0.3,0.125,0.0,1.0,0.14285714285714285,0,0,0,0,0,1,0,0,0,0,0,0,0,0,0,0,0,0
じんつうりき,1.0,0.32,0.8666666666666667,1.0,0.5,0.0,1.0,0.14285714285714285,0,0,0,0,0,0,0,0,0,0,0,0,0,1,0,0,0,0
スイープビンタ,0.6666666666666666,0.1,0.8666666666666667,0.85,0.25,1.0,1.0,0.14285714285714285,0,0,0,0,0,0,0,0,0,0,0,0,0,0,0,0,1,0
すいとる,1.0,0.08,0.6,1.0,0.625,0.0,1.0,0.14285714285714285,0,0,0,1,0,0,0,0,0,0,0,0,0,0,0,0,0,0
すいりゅうれんだ,0.6666666666666666,0.1,0.8666666666666667,1.0,0.125,1.0,1.0,0.0,0,0,0,0,0,0,0,0,0,0,0,1,0,0,0,0,0,0
スキルスワップ,0.3333333333333333,-1.0,-1.0,-1.0,0.25,0.0,1.0,0.14285714285714285,0,0,0,0,0,0,0,0,0,0,0,0,0,1,0,0,0,0
スケイルノイズ,1.0,0.44,0.9333333333333333,1.0,0.125,0.0,1.0,0.8571428571428571,0,0,0,0,0,0,0,0,0,0,0,0,0,0,0,1,0,0
スターアサルト,0.6666666666666666,0.6,0.6666666666666666,1.0,0.125,0.0,1.0,0.14285714285714285,0,0,1,0,0,0,0,0,0,0,0,0,0,0,0,0,0,0
すてゼリフ,0.3333333333333333,-1.0,-1.0,1.0,0.5,0.0,1.0,0.14285714285714285,1,0,0,0,0,0,0,0,0,0,0,0,0,0,0,0,0,0
すてみタックル,0.6666666666666666,0.48,0.9333333333333333,1.0,0.375,1.0,1.0,0.14285714285714285,0,0,0,0,0,0,0,0,0,0,0,0,0,0,0,0,1,0
ステルスロック,0.3333333333333333,-1.0,-1.0,-1.0,0.5,0.0,0.0,0.8095238095238095,0,1,0,0,0,0,0,0,0,0,0,0,0,0,0,0,0,0
ストーンエッジ,0.6666666666666666,0.4,0.8666666666666667,0.8,0.125,0.0,1.0,0.14285714285714285,0,1,0,0,0,0,0,0,0,0,0,0,0,0,0,0,0,0
すなあらし,0.3333333333333333,-1.0,-1.0,-1.0,0.25,0.0,0.0,0.38095238095238093,0,1,0,0,0,0,0,0,0,0,0,0,0,0,0,0,0,0
すなかけ,0.3333333333333333,-1.0,-1.0,1.0,0.375,0.0,1.0,0.14285714285714285,0,0,0,0,0,1,0,0,0,0,0,0,0,0,0,0,0,0
すなじごく,0.6666666666666666,0.14,0.6,0.85,0.375,0.0,1.0,0.14285714285714285,0,0,0,0,0,1,0,0,0,0,0,0,0,0,0,0,0,0
スパーク,0.6666666666666666,0.26,0.8,1.0,0.5,1.0,1.0,0.14285714285714285,0,0,0,0,0,0,1,0,0,0,0,0,0,0,0,0,0,0
スピードスター,1.0,0.24,0.7333333333333333,-1.0,0.5,0.0,1.0,0.8571428571428571,0,0,0,0,0,0,0,0,0,0,0,0,0,0,0,0,1,0
スピードスワップ,0.3333333333333333,-1.0,-1.0,-1.0,0.25,0.0,1.0,0.14285714285714285,0,0,0,0,0,0,0,0,0,0,0,0,0,1,0,0,0,0
スマートホーン,0.6666666666666666,0.28,0.8,-1.0,0.25,1.0,1.0,0.14285714285714285,0,0,0,0,0,0,0,0,1,0,0,0,0,0,0,0,0,0
スモッグ,1.0,0.12,0.4666666666666667,0.7,0.5,0.0,1.0,0.14285714285714285,0,0,0,0,0,0,0,1,0,0,0,0,0,0,0,0,0,0
すりかえ,0.3333333333333333,-1.0,-1.0,1.0,0.25,0.0,1.0,0.14285714285714285,1,0,0,0,0,0,0,0,0,0,0,0,0,0,0,0,0,0
ずつき,0.6666666666666666,0.28,0.8,1.0,0.375,1.0,1.0,0.14285714285714285,0,0,0,0,0,0,0,0,0,0,0,0,0,0,0,0,1,0
せいちょう,0.3333333333333333,-1.0,-1.0,-1.0,0.5,0.0,0.0,0.9047619047619048,0,0,0,0,0,0,0,0,0,0,0,0,0,0,0,0,1,0
せいなるつるぎ,0.6666666666666666,0.36,0.6,1.0,0.375,1.0,1.0,0.14285714285714285,0,0,1,0,0,0,0,0,0,0,0,0,0,0,0,0,0,0
せいなるほのお,0.6666666666666666,0.4,0.8666666666666667,0.95,0.125,0.0,1.0,0.14285714285714285,0,0,0,0,0,0,0,0,0,0,1,0,0,0,0,0,0,0
ぜったいれいど,1.0,-1.0,0.8666666666666667,0.3,0.125,0.0,1.0,0.14285714285714285,0,0,0,0,1,0,0,0,0,0,0,0,0,0,0,0,0,0
ソーラービーム,1.0,0.48,0.9333333333333333,1.0,0.25,0.0,1.0,0.14285714285714285,0,0,0,1,0,0,0,0,0,0,0,0,0,0,0,0,0,0
ソーラーブレード,0.6666666666666666,0.5,0.9333333333333333,1.0,0.25,1.0,1.0,0.14285714285714285,0,0,0,1,0,0,0,0,0,0,0,0,0,0,0,0,0,0
そうでん,0.3333333333333333,-1.0,-1.0,-1.0,0.5,0.0,1.0,0.14285714285714285,0,0,0,0,0,0,1,0,0,0,0,0,0,0,0,0,0,0
ソウルクラッシュ,0.6666666666666666,0.3,0.8666666666666667,1.0,0.375,1.0,1.0,0.14285714285714285,0,0,0,0,0,0,0,0,0,0,0,0,0,0,0,0,0,1
ソウルビート,0.3333333333333333,-1.0,-1.0,1.0,0.125,0.0,0.0,0.9047619047619048,0,0,0,0,0,0,0,0,0,0,0,0,0,0,0,1,0,0
そらをとぶ,0.6666666666666666,0.36,0.8666666666666667,0.95,0.375,1.0,1.0,0.14285714285714285,0,0,0,0,0,0,0,0,0,1,0,0,0,0,0,0,0,0
タールショット,0.3333333333333333,-1.0,-1.0,1.0,0.375,0.0,1.0,0.14285714285714285,0,1,0,0,0,0,0,0,0,0,0,0,0,0,0,0,0,0
たいあたり,0.6666666666666666,0.16,0.6,1.0,0.875,1.0,1.0,0.14285714285714285,0,0,0,0,0,0,0,0,0,0,0,0,0,0,0,0,1,0
たきのぼり,0.6666666666666666,0.32,0.8666666666666667,1.0,0.375,1.0,1.0,0.14285714285714285,0,0,0,0,0,0,0,0,0,0,0,1,0,0,0,0,0,0
たくわえる,0.3333333333333333,-1.0,-1.0,-1.0,0.5,0.0,0.0,0.9047619047619048,0,0,0,0,0,0,0,0,0,0,0,0,0,0,0,0,1,0
たこがため,0.3333333333333333,-1.0,-1.0,1.0,0.375,0.0,1.0,0.14285714285714285,0,0,1,0,0,0,0,0,0,0,0,0,0,0,0,0,0,0
たたきつける,0.6666666666666666,0.32,0.8666666666666667,0.75,0.5,1.0,1.0,0.14285714285714285,0,0,0,0,0,0,0,0,0,0,0,0,0,0,0,0,1,0
たたみがえし,0.3333333333333333,-1.0,-1.0,-1.0,0.25,0.0,0.0,0.47619047619047616,0,0,1,0,0,0,0,0,0,0,0,0,0,0,0,0,0,0
たたりめ,1.0,0.26,0.8,1.0,0.25,0.0,1.0,0.14285714285714285,0,0,0,0,0,0,0,0,0,0,0,0,0,0,1,0,0,0
たつまき,1.0,0.16,0.6,1.0,0.5,0.0,1.0,0.8571428571428571,0,0,0,0,0,0,0,0,0,0,0,0,0,0,0,1,0,0
タネばくだん,0.6666666666666666,0.32,0.8666666666666667,1.0,0.375,0.0,1.0,0.14285714285714285,0,0,0,1,0,0,0,0,0,0,0,0,0,0,0,0,0,0
タネマシンガン,0.6666666666666666,0.1,0.8666666666666667,1.0,0.75,0.0,1.0,0.14285714285714285,0,0,0,1,0,0,0,0,0,0,0,0,0,0,0,0,0,0
タマゴうみ,0.3333333333333333,-1.0,-1.0,-1.0,0.25,0.0,0.0,0.9047619047619048,0,0,0,0,0,0,0,0,0,0,0,0,0,0,0,0,1,0
ダイアーク,0.0,-1.0,-1.0,-1.0,-1.0,0.0,0.0,0.14285714285714285,1,0,0,0,0,0,0,0,0,0,0,0,0,0,0,0,0,0
ダイアース,0.0,-1.0,-1.0,-1.0,-1.0,0.0,0.0,0.14285714285714285,0,0,0,0,0,1,0,0,0,0,0,0,0,0,0,0,0,0
ダイアイス,0.0,-1.0,-1.0,-1.0,-1.0,0.0,0.0,0.14285714285714285,0,0,0,0,1,0,0,0,0,0,0,0,0,0,0,0,0,0
ダイアシッド,0.0,-1.0,-1.0,-1.0,-1.0,0.0,0.0,0.14285714285714285,0,0,0,0,0,0,0,1,0,0,0,0,0,0,0,0,0,0
ダイアタック,0.0,-1.0,-1.0,-1.0,-1.0,0.0,0.0,0.14285714285714285,0,0,0,0,0,0,0,0,0,0,0,0,0,0,0,0,1,0
ダイウォール,0.0,-1.0,-1.0,-1.0,-1.0,0.0,0.0,0.9047619047619048,0,0,0,0,0,0,0,0,0,0,0,0,0,0,0,0,1,0
ダイサイコ,0.0,-1.0,-1.0,-1.0,-1.0,0.0,0.0,0.14285714285714285,0,0,0,0,0,0,0,0,0,0,0,0,0,1,0,0,0,0
ダイサンダー,0.0,-1.0,-1.0,-1.0,-1.0,0.0,0.0,0.14285714285714285,0,0,0,0,0,0,1,0,0,0,0,0,0,0,0,0,0,0
ダイジェット,0.0,-1.0,-1.0,-1.0,-1.0,0.0,0.0,0.14285714285714285,0,0,0,0,0,0,0,0,0,1,0,0,0,0,0,0,0,0
ダイスチル,0.0,-1.0,-1.0,-1.0,-1.0,0.0,0.0,0.14285714285714285,0,0,0,0,0,0,0,0,1,0,0,0,0,0,0,0,0,0
ダイストリーム,0.0,-1.0,-1.0,-1.0,-1.0,0.0,0.0,0.14285714285714285,0,0,0,0,0,0,0,0,0,0,0,1,0,0,0,0,0,0
ダイソウゲン,0.0,-1.0,-1.0,-1.0,-1.0,0.0,0.0,0.14285714285714285,0,0,0,1,0,0,0,0,0,0,0,0,0,0,0,0,0,0
だいちのちから,1.0,0.36,0.8666666666666667,1.0,0.25,0.0,1.0,0.14285714285714285,0,0,0,0,0,1,0,0,0,0,0,0,0,0,0,0,0,0
ダイドラグーン,0.0,-1.0,-1.0,-1.0,-1.0,0.0,0.0,0.14285714285714285,0,0,0,0,0,0,0,0,0,0,0,0,0,0,0,1,0,0
ダイナックル,0.0,-1.0,-1.0,-1.0,-1.0,0.0,0.0,0.14285714285714285,0,0,1,0,0,0,0,0,0,0,0,0,0,0,0,0,0,0
ダイバーン,0.0,-1.0,-1.0,-1.0,-1.0,0.0,0.0,0.14285714285714285,0,0,0,0,0,0,0,0,0,0,1,0,0,0,0,0,0,0
だいばくはつ,0.6666666666666666,1.0,1.0,1.0,0.125,0.0,1.0,1.0,0,0,0,0,0,0,0,0,0,0,0,0,0,0,0,0,1,0
ダイビング,0.6666666666666666,0.32,0.8666666666666667,1.0,0.25,1.0,1.0,0.14285714285714285,0,0,0,0,0,0,0,0,0,0,0,1,0,0,0,0,0,0
ダイフェアリー,0.0,-1.0,-1.0,-1.0,-1.0,0.0,0.0,0.14285714285714285,0,0,0,0,0,0,0,0,0,0,0,0,0,0,0,0,0,1
ダイホロウ,0.0,-1.0,-1.0,-1.0,-1.0,0.0,0.0,0.14285714285714285,0,0,0,0,0,0,0,0,0,0,0,0,0,0,1,0,0,0
ダイマックスほう,1.0,0.4,0.9333333333333333,1.0,0.125,0.0,1.0,0.14285714285714285,0,0,0,0,0,0,0,0,0,0,0,0,0,0,0,1,0,0
だいもんじ,1.0,0.44,0.9333333333333333,0.85,0.125,0.0,1.0,0.14285714285714285,0,0,0,0,0,0,0,0,0,0,1,0,0,0,0,0,0,0
ダイロック,0.0,-1.0,-1.0,-1.0,-1.0,0.0,0.0,0.14285714285714285,0,1,0,0,0,0,0,0,0,0,0,0,0,0,0,0,0,0
ダイワーム,0.0,-1.0,-1.0,-1.0,-1.0,0.0,0.0,0.14285714285714285,0,0,0,0,0,0,0,0,0,0,0,0,1,0,0,0,0,0
だくりゅう,1.0,0.36,0.8666666666666667,0.85,0.25,0.0,1.0,0.8571428571428571,0,0,0,0,0,0,0,0,0,0,0,1,0,0,0,0,0,0
ダストシュート,0.6666666666666666,0.48,0.6333333333333333,0.8,0.125,0.0,1.0,0.14285714285714285,0,0,0,0,0,0,0,1,0,0,0,0,0,0,0,0,0,0
ダブルアタック,0.6666666666666666,0.14,0.8,0.9,0.25,1.0,1.0,0.14285714285714285,0,0,0,0,0,0,0,0,0,0,0,0,0,0,0,0,1,0
ダブルウイング,0.6666666666666666,0.16,0.8666666666666667,0.9,0.25,1.0,1.0,0.14285714285714285,0,0,0,0,0,0,0,0,0,1,0,0,0,0,0,0,0,0
ダブルチョップ,0.6666666666666666,0.16,0.8666666666666667,0.9,0.375,1.0,1.0,0.14285714285714285,0,0,0,0,0,0,0,0,0,0,0,0,0,0,0,1,0,0
ダブルパンツァー,0.6666666666666666,0.24,0.9333333333333333,1.0,0.125,1.0,1.0,0.14285714285714285,0,0,0,0,0,0,0,0,1,0,0,0,0,0,0,0,0,0
ダメおし,0.6666666666666666,0.24,0.7333333333333333,1.0,0.25,1.0,1.0,0.14285714285714285,1,0,0,0,0,0,0,0,0,0,0,0,0,0,0,0,0,0
ちいさくなる,0.3333333333333333,-1.0,-1.0,-1.0,0.25,0.0,0.0,0.9047619047619048,0,0,0,0,0,0,0,0,0,0,0,0,0,0,0,0,1,0
ちからをすいとる,0.3333333333333333,-1.0,-1.0,1.0,0.25,0.0,1.0,0.14285714285714285,0,0,0,1,0,0,0,0,0,0,0,0,0,0,0,0,0,0
ちきゅうなげ,0.6666666666666666,-1.0,0.5,1.0,0.5,1.0,1.0,0.14285714285714285,0,0,1,0,0,0,0,0,0,0,0,0,0,0,0,0,0,0
チャージビーム,1.0,0.2,0.6666666666666666,0.9,0.25,0.0,1.0,0.14285714285714285,0,0,0,0,0,0,1,0,0,0,0,0,0,0,0,0,0,0
チャームボイス,1.0,0.16,0.6,-1.0,0.375,0.0,1.0,0.8571428571428571,0,0,0,0,0,0,0,0,0,0,0,0,0,0,0,0,0,1
ちょうおんぱ,0.3333333333333333,-1.0,-1.0,0.55,0.5,0.0,1.0,0.14285714285714285,0,0,0,0,0,0,0,0,0,0,0,0,0,0,0,0,1,0
ちょうのまい,0.3333333333333333,-1.0,-1.0,-1.0,0.5,0.0,0.0,0.9047619047619048,0,0,0,0,0,0,0,0,0,0,0,0,1,0,0,0,0,0
ちょうはつ,0.3333333333333333,-1.0,-1.0,1.0,0.5,0.0,1.0,0.14285714285714285,1,0,0,0,0,0,0,0,0,0,0,0,0,0,0,0,0,0
ついばむ,0.6666666666666666,0.24,0.7333333333333333,1.0,0.5,1.0,1.0,0.14285714285714285,0,0,0,0,0,0,0,0,0,1,0,0,0,0,0,0,0,0
つきのひかり,0.3333333333333333,-1.0,-1.0,-1.0,0.125,0.0,0.0,0.9047619047619048,0,0,0,0,0,0,0,0,0,0,0,0,0,0,0,0,0,1
つけあがる,0.6666666666666666,0.08,0.8666666666666667,1.0,0.25,1.0,1.0,0.14285714285714285,1,0,0,0,0,0,0,0,0,0,0,0,0,0,0,0,0,0
つじぎり,0.6666666666666666,0.28,0.8,1.0,0.375,1.0,1.0,0.14285714285714285,1,0,0,0,0,0,0,0,0,0,0,0,0,0,0,0,0,0
つっぱり,0.6666666666666666,0.06,0.4666666666666667,1.0,0.5,1.0,1.0,0.14285714285714285,0,0,1,0,0,0,0,0,0,0,0,0,0,0,0,0,0,0
つつく,0.6666666666666666,0.14,0.6,1.0,0.875,1.0,1.0,0.14285714285714285,0,0,0,0,0,0,0,0,0,1,0,0,0,0,0,0,0,0
つのでつく,0.6666666666666666,0.26,0.8,1.0,0.625,1.0,1.0,0.14285714285714285,0,0,0,0,0,0,0,0,0,0,0,0,0,0,0,0,1,0
つのドリル,0.6666666666666666,-1.0,0.8666666666666667,0.3,0.125,1.0,1.0,0.14285714285714285,0,0,0,0,0,0,0,0,0,0,0,0,0,0,0,0,1,0
つばさでうつ,0.6666666666666666,0.24,0.7333333333333333,1.0,0.875,1.0,1.0,0.14285714285714285,0,0,0,0,0,0,0,0,0,1,0,0,0,0,0,0,0,0
つばめがえし,0.6666666666666666,0.24,0.7333333333333333,-1.0,0.5,1.0,1.0,0.14285714285714285,0,0,0,0,0,0,0,0,0,1,0,0,0,0,0,0,0,0
つぶらなひとみ,0.3333333333333333,-1.0,-1.0,1.0,0.75,0.0,1.0,0.14285714285714285,0,0,0,0,0,0,0,0,0,0,0,0,0,0,0,0,0,1
つぼをつく,0.3333333333333333,-1.0,-1.0,-1.0,0.75,0.0,0.0,0.9523809523809523,0,0,0,0,0,0,0,0,0,0,0,0,0,0,0,0,1,0
つめとぎ,0.3333333333333333,-1.0,-1.0,-1.0,0.375,0.0,0.0,0.9047619047619048,1,0,0,0,0,0,0,0,0,0,0,0,0,0,0,0,0,0
つららおとし,0.6666666666666666,0.34,0.8666666666666667,0.9,0.25,0.0,1.0,0.14285714285714285,0,0,0,0,1,0,0,0,0,0,0,0,0,0,0,0,0,0
つららばり,0.6666666666666666,0.1,0.8666666666666667,1.0,0.75,0.0,1.0,0.14285714285714285,0,0,0,0,1,0,0,0,0,0,0,0,0,0,0,0,0,0
つるぎのまい,0.3333333333333333,-1.0,-1.0,-1.0,0.5,0.0,0.0,0.9047619047619048,0,0,0,0,0,0,0,0,0,0,0,0,0,0,0,0,1,0
つるのムチ,0.6666666666666666,0.18,0.6666666666666666,1.0,0.625,1.0,1.0,0.14285714285714285,0,0,0,1,0,0,0,0,0,0,0,0,0,0,0,0,0,0
てかげん,0.6666666666666666,0.16,0.6,1.0,1.0,1.0,1.0,0.14285714285714285,0,0,0,0,0,0,0,0,0,0,0,0,0,0,0,0,1,0
てだすけ,0.3333333333333333,-1.0,-1.0,-1.0,0.5,0.0,0.0,0.42857142857142855,0,0,0,0,0,0,0,0,0,0,0,0,0,0,0,0,1,0
てっていこうせん,1.0,0.56,0.9333333333333333,0.95,0.125,0.0,1.0,0.14285714285714285,0,0,0,0,0,0,0,0,1,0,0,0,0,0,0,0,0,0
てっぺき,0.3333333333333333,-1.0,-1.0,-1.0,0.375,0.0,0.0,0.9047619047619048,0,0,0,0,0,0,0,0,1,0,0,0,0,0,0,0,0,0
テレポート,0.3333333333333333,-1.0,-1.0,-1.0,0.5,0.0,0.0,0.9047619047619048,0,0,0,0,0,0,0,0,0,0,0,0,0,1,0,0,0,0
てをつなぐ,0.3333333333333333,-1.0,-1.0,-1.0,1.0,0.0,0.0,0.42857142857142855,0,0,0,0,0,0,0,0,0,0,0,0,0,0,0,0,1,0
てんしのキッス,0.3333333333333333,-1.0,-1.0,0.75,0.25,0.0,1.0,0.14285714285714285,0,0,0,0,0,0,0,0,0,0,0,0,0,0,0,0,0,1
であいがしら,0.6666666666666666,0.36,0.8666666666666667,1.0,0.25,1.0,1.0,0.14285714285714285,0,0,0,0,0,0,0,0,0,0,0,0,1,0,0,0,0,0
DDラリアット,0.6666666666666666,0.34,0.8666666666666667,1.0,0.25,1.0,1.0,0.14285714285714285,1,0,0,0,0,0,0,0,0,0,0,0,0,0,0,0,0,0
デコレーション,0.3333333333333333,-1.0,-1.0,-1.0,0.375,0.0,0.0,0.14285714285714285,0,0,0,0,0,0,0,0,0,0,0,0,0,0,0,0,0,1
でんきショック,1.0,0.16,0.6,1.0,0.75,0.0,1.0,0.14285714285714285,0,0,0,0,0,0,1,0,0,0,0,0,0,0,0,0,0,0
でんげきくちばし,0.6666666666666666,0.34,0.8666666666666667,1.0,0.25,1.0,1.0,0.14285714285714285,0,0,0,0,0,0,1,0,0,0,0,0,0,0,0,0,0,0
でんげきは,1.0,0.24,0.7333333333333333,-1.0,0.5,0.0,1.0,0.14285714285714285,0,0,0,0,0,0,1,0,0,0,0,0,0,0,0,0,0,0
でんこうせっか,0.6666666666666666,0.16,0.6,1.0,0.75,1.0,1.0,0.14285714285714285,0,0,0,0,0,0,0,0,0,0,0,0,0,0,0,0,1,0
でんじは,0.3333333333333333,-1.0,-1.0,0.9,0.5,0.0,1.0,0.14285714285714285,0,0,0,0,0,0,1,0,0,0,0,0,0,0,0,0,0,0
でんじふゆう,0.3333333333333333,-1.0,-1.0,-1.0,0.25,0.0,0.0,0.9047619047619048,0,0,0,0,0,0,1,0,0,0,0,0,0,0,0,0,0,0
でんじほう,1.0,0.48,0.9333333333333333,0.5,0.125,0.0,1.0,0.14285714285714285,0,0,0,0,0,0,1,0,0,0,0,0,0,0,0,0,0,0
トーチカ,0.3333333333333333,-1.0,-1.0,-1.0,0.25,0.0,0.0,0.9047619047619048,0,0,0,0,0,0,0,1,0,0,0,0,0,0,0,0,0,0
とおせんぼう,0.3333333333333333,-1.0,-1.0,-1.0,0.125,0.0,0.0,0.14285714285714285,0,0,0,0,0,0,0,0,0,0,0,0,0,0,0,0,1,0
とおぼえ,0.3333333333333333,-1.0,-1.0,-1.0,1.0,0.0,0.0,0.5238095238095238,0,0,0,0,0,0,0,0,0,0,0,0,0,0,0,0,1,0
とぎすます,0.3333333333333333,-1.0,-1.0,-1.0,0.75,0.0,0.0,0.9047619047619048,0,0,0,0,0,0,0,0,0,0,0,0,0,0,0,0,1,0
とぐろをまく,0.3333333333333333,-1.0,-1.0,-1.0,0.5,0.0,0.0,0.9047619047619048,0,0,0,0,0,0,0,1,0,0,0,0,0,0,0,0,0,0
とける,0.3333333333333333,-1.0,-1.0,-1.0,0.5,0.0,0.0,0.9047619047619048,0,0,0,0,0,0,0,1,0,0,0,0,0,0,0,0,0,0
とっしん,0.6666666666666666,0.36,0.8666666666666667,0.85,0.5,1.0,1.0,0.14285714285714285,0,0,0,0,0,0,0,0,0,0,0,0,0,0,0,0,1,0
とっておき,0.6666666666666666,0.56,0.9333333333333333,1.0,0.125,1.0,1.0,0.14285714285714285,0,0,0,0,0,0,0,0,0,0,0,0,0,0,0,0,1,0
とどめばり,0.6666666666666666,0.2,0.6666666666666666,1.0,0.625,1.0,1.0,0.14285714285714285,0,0,0,0,0,0,0,0,0,0,0,0,1,0,0,0,0,0
とびかかる,0.6666666666666666,0.32,0.8666666666666667,1.0,0.375,1.0,1.0,0.14285714285714285,0,0,0,0,0,0,0,0,0,0,0,0,1,0,0,0,0,0
とびはねる,0.6666666666666666,0.34,0.8666666666666667,0.85,0.125,1.0,1.0,0.14285714285714285,0,0,0,0,0,0,0,0,0,1,0,0,0,0,0,0,0,0
とびひざげり,0.6666666666666666,0.52,0.6333333333333333,0.9,0.25,1.0,1.0,0.14285714285714285,0,0,1,0,0,0,0,0,0,0,0,0,0,0,0,0,0,0
ともえなげ,0.6666666666666666,0.24,0.5333333333333333,0.9,0.25,1.0,1.0,0.14285714285714285,0,0,1,0,0,0,0,0,0,0,0,0,0,0,0,0,0,0
トライアタック,1.0,0.32,0.8666666666666667,1.0,0.25,0.0,1.0,0.14285714285714285,0,0,0,0,0,0,0,0,0,0,0,0,0,0,0,0,1,0
トラップシェル,1.0,0.6,1.0,1.0,0.125,0.0,1.0,0.8571428571428571,0,0,0,0,0,0,0,0,0,0,1,0,0,0,0,0,0,0
トラバサミ,0.6666666666666666,0.14,0.6,1.0,0.375,1.0,1.0,0.14285714285714285,0,0,0,1,0,0,0,0,0,0,0,0,0,0,0,0,0,0
トリック,0.3333333333333333,-1.0,-1.0,1.0,0.25,0.0,1.0,0.14285714285714285,0,0,0,0,0,0,0,0,0,0,0,0,0,1,0,0,0,0
トリックガード,0.3333333333333333,-1.0,-1.0,-1.0,0.25,0.0,0.0,0.47619047619047616,0,0,0,0,0,0,0,0,0,0,0,0,0,0,0,0,0,1
トリックルーム,0.3333333333333333,-1.0,-1.0,-1.0,0.125,0.0,0.0,0.38095238095238093,0,0,0,0,0,0,0,0,0,0,0,0,0,1,0,0,0,0
トリプルキック,0.6666666666666666,0.04,0.5333333333333333,0.9,0.25,1.0,1.0,0.14285714285714285,0,0,1,0,0,0,0,0,0,0,0,0,0,0,0,0,0,0
トロピカルキック,0.6666666666666666,0.28,0.8,1.0,0.375,1.0,1.0,0.14285714285714285,0,0,0,1,0,0,0,0,0,0,0,0,0,0,0,0,0,0
とんぼがえり,0.6666666666666666,0.28,0.8,1.0,0.5,1.0,1.0,0.14285714285714285,0,0,0,0,0,0,0,0,0,0,0,0,1,0,0,0,0,0
どくガス,0.3333333333333333,-1.0,-1.0,0.9,1.0,0.0,1.0,0.8571428571428571,0,0,0,0,0,0,0,1,0,0,0,0,0,0,0,0,0,0
どくづき,0.6666666666666666,0.32,0.6,1.0,0.5,1.0,1.0,0.14285714285714285,0,0,0,0,0,0,0,1,0,0,0,0,0,0,0,0,0,0
どくどく,0.3333333333333333,-1.0,-1.0,0.9,0.25,0.0,1.0,0.14285714285714285,0,0,0,0,0,0,0,1,0,0,0,0,0,0,0,0,0,0
どくどくのキバ,0.6666666666666666,0.2,0.5,1.0,0.375,1.0,1.0,0.14285714285714285,0,0,0,0,0,0,0,1,0,0,0,0,0,0,0,0,0,0
どくのこな,0.3333333333333333,-1.0,-1.0,0.75,0.875,0.0,1.0,0.14285714285714285,0,0,0,0,0,0,0,1,0,0,0,0,0,0,0,0,0,0
どくばり,0.6666666666666666,0.06,0.4666666666666667,1.0,0.875,0.0,1.0,0.14285714285714285,0,0,0,0,0,0,0,1,0,0,0,0,0,0,0,0,0,0
どくびし,0.3333333333333333,-1.0,-1.0,-1.0,0.5,0.0,0.0,0.8095238095238095,0,0,0,0,0,0,0,1,0,0,0,0,0,0,0,0,0,0
どげざつき,0.6666666666666666,0.32,0.8666666666666667,-1.0,0.25,1.0,1.0,0.14285714285714285,1,0,0,0,0,0,0,0,0,0,0,0,0,0,0,0,0,0
ドラゴンアロー,0.6666666666666666,0.2,0.8666666666666667,1.0,0.25,0.0,1.0,0.14285714285714285,0,0,0,0,0,0,0,0,0,0,0,0,0,0,0,1,0,0
ドラゴンクロー,0.6666666666666666,0.32,0.8666666666666667,1.0,0.375,1.0,1.0,0.14285714285714285,0,0,0,0,0,0,0,0,0,0,0,0,0,0,0,1,0,0
ドラゴンダイブ,0.6666666666666666,0.4,0.8666666666666667,0.75,0.25,1.0,1.0,0.14285714285714285,0,0,0,0,0,0,0,0,0,0,0,0,0,0,0,1,0,0
ドラゴンテール,0.6666666666666666,0.24,0.7333333333333333,0.9,0.25,1.0,1.0,0.14285714285714285,0,0,0,0,0,0,0,0,0,0,0,0,0,0,0,1,0,0
ドラムアタック,0.6666666666666666,0.32,0.8666666666666667,1.0,0.25,0.0,1.0,0.14285714285714285,0,0,0,1,0,0,0,0,0,0,0,0,0,0,0,0,0,0
トリプルアクセル,0.6666666666666666,0.08,0.9333333333333333,0.9,0.5,1.0,1.0,0.047619047619047616,0,0,0,0,1,0,0,0,0,0,0,0,0,0,0,0,0,0
ドリルくちばし,0.6666666666666666,0.32,0.8666666666666667,1.0,0.5,1.0,1.0,0.14285714285714285,0,0,0,0,0,0,0,0,0,1,0,0,0,0,0,0,0,0
ドリルライナー,0.6666666666666666,0.32,0.8666666666666667,0.95,0.25,1.0,1.0,0.14285714285714285,0,0,0,0,0,1,0,0,0,0,0,0,0,0,0,0,0,0
ドレインキッス,1.0,0.2,0.6666666666666666,1.0,0.25,1.0,1.0,0.14285714285714285,0,0,0,0,0,0,0,0,0,0,0,0,0,0,0,0,0,1
ドレインパンチ,0.6666666666666666,0.3,0.6,1.0,0.25,1.0,1.0,0.14285714285714285,0,0,1,0,0,0,0,0,0,0,0,0,0,0,0,0,0,0
どろかけ,1.0,0.08,0.6,1.0,0.25,0.0,1.0,0.14285714285714285,0,0,0,0,0,1,0,0,0,0,0,0,0,0,0,0,0,0
どろぼう,0.6666666666666666,0.24,0.7333333333333333,1.0,0.625,1.0,1.0,0.14285714285714285,1,0,0,0,0,0,0,0,0,0,0,0,0,0,0,0,0,0
ドわすれ,0.3333333333333333,-1.0,-1.0,-1.0,0.5,0.0,0.0,0.9047619047619048,0,0,0,0,0,0,0,0,0,0,0,0,0,1,0,0,0,0
ないしょばなし,0.3333333333333333,-1.0,-1.0,-1.0,0.5,0.0,0.0,0.14285714285714285,0,0,0,0,0,0,0,0,0,0,0,0,0,0,0,0,1,0
ナイトバースト,1.0,0.34,0.8666666666666667,0.95,0.25,0.0,1.0,0.14285714285714285,1,0,0,0,0,0,0,0,0,0,0,0,0,0,0,0,0,0
ナイトヘッド,1.0,-1.0,0.6666666666666666,1.0,0.375,0.0,1.0,0.14285714285714285,0,0,0,0,0,0,0,0,0,0,0,0,0,0,1,0,0,0
なかまづくり,0.3333333333333333,-1.0,-1.0,1.0,0.375,0.0,1.0,0.14285714285714285,0,0,0,0,0,0,0,0,0,0,0,0,0,0,0,0,1,0
なかよくする,0.3333333333333333,-1.0,-1.0,-1.0,0.5,0.0,0.0,0.14285714285714285,0,0,0,0,0,0,0,0,0,0,0,0,0,0,0,0,1,0
なきごえ,0.3333333333333333,-1.0,-1.0,1.0,1.0,0.0,1.0,0.8571428571428571,0,0,0,0,0,0,0,0,0,0,0,0,0,0,0,0,1,0
なげつける,0.6666666666666666,-1.0,0.6666666666666666,1.0,0.25,0.0,1.0,0.14285714285714285,1,0,0,0,0,0,0,0,0,0,0,0,0,0,0,0,0,0
なまける,0.3333333333333333,-1.0,-1.0,-1.0,0.25,0.0,0.0,0.9047619047619048,0,0,0,0,0,0,0,0,0,0,0,0,0,0,0,0,1,0
なみだめ,0.3333333333333333,-1.0,-1.0,-1.0,0.5,0.0,0.0,0.14285714285714285,0,0,0,0,0,0,0,0,0,0,0,0,0,0,0,0,1,0
なみのり,1.0,0.36,0.8666666666666667,1.0,0.375,0.0,1.0,1.0,0,0,0,0,0,0,0,0,0,0,0,1,0,0,0,0,0,0
なやみのタネ,0.3333333333333333,-1.0,-1.0,1.0,0.25,0.0,1.0,0.14285714285714285,0,0,0,1,0,0,0,0,0,0,0,0,0,0,0,0,0,0
なりきり,0.3333333333333333,-1.0,-1.0,-1.0,0.25,0.0,0.0,0.14285714285714285,0,0,0,0,0,0,0,0,0,0,0,0,0,1,0,0,0,0
ニードルガード,0.3333333333333333,-1.0,-1.0,-1.0,0.25,0.0,0.0,0.9047619047619048,0,0,0,1,0,0,0,0,0,0,0,0,0,0,0,0,0,0
ニトロチャージ,0.6666666666666666,0.2,0.6666666666666666,1.0,0.5,1.0,1.0,0.14285714285714285,0,0,0,0,0,0,0,0,0,0,1,0,0,0,0,0,0,0
にどげり,0.6666666666666666,0.12,0.5333333333333333,1.0,0.75,1.0,1.0,0.14285714285714285,0,0,1,0,0,0,0,0,0,0,0,0,0,0,0,0,0,0
にほんばれ,0.3333333333333333,-1.0,-1.0,-1.0,0.125,0.0,0.0,0.38095238095238093,0,0,0,0,0,0,0,0,0,0,1,0,0,0,0,0,0,0
にらみつける,0.3333333333333333,-1.0,-1.0,1.0,0.75,0.0,1.0,0.8571428571428571,0,0,0,0,0,0,0,0,0,0,0,0,0,0,0,0,1,0
ねがいごと,0.3333333333333333,-1.0,-1.0,-1.0,0.25,0.0,0.0,0.9047619047619048,0,0,0,0,0,0,0,0,0,0,0,0,0,0,0,0,1,0
ねこだまし,0.6666666666666666,0.16,0.6,1.0,0.25,1.0,1.0,0.14285714285714285,0,0,0,0,0,0,0,0,0,0,0,0,0,0,0,0,1,0
ネコにこばん,0.6666666666666666,0.16,0.6,1.0,0.5,0.0,1.0,0.14285714285714285,0,0,0,0,0,0,0,0,0,0,0,0,0,0,0,0,1,0
ねごと,0.3333333333333333,-1.0,-1.0,-1.0,0.25,0.0,0.0,0.9047619047619048,0,0,0,0,0,0,0,0,0,0,0,0,0,0,0,0,1,0
ねっさのだいち,1.0,0.28,0.8,1.0,0.25,0.0,1.0,0.14285714285714285,0,0,0,0,0,1,0,0,0,0,0,0,0,0,0,0,0,0
ねっとう,1.0,0.32,0.8666666666666667,1.0,0.375,0.0,1.0,0.14285714285714285,0,0,0,0,0,0,0,0,0,0,0,1,0,0,0,0,0,0
ねっぷう,1.0,0.38,0.8666666666666667,0.9,0.25,0.0,1.0,0.8571428571428571,0,0,0,0,0,0,0,0,0,0,1,0,0,0,0,0,0,0
ねばねばネット,0.3333333333333333,-1.0,-1.0,-1.0,0.5,0.0,0.0,0.8095238095238095,0,0,0,0,0,0,0,0,0,0,0,0,1,0,0,0,0,0
ねむりごな,0.3333333333333333,-1.0,-1.0,0.75,0.375,0.0,1.0,0.14285714285714285,0,0,0,1,0,0,0,0,0,0,0,0,0,0,0,0,0,0
ねむる,0.3333333333333333,-1.0,-1.0,-1.0,0.25,0.0,0.0,0.9047619047619048,0,0,0,0,0,0,0,0,0,0,0,0,0,1,0,0,0,0
ねらいうち,1.0,0.32,0.8666666666666667,1.0,0.375,0.0,1.0,0.14285714285714285,0,0,0,0,0,0,0,0,0,0,0,1,0,0,0,0,0,0
ねをはる,0.3333333333333333,-1.0,-1.0,-1.0,0.5,0.0,0.0,0.9047619047619048,0,0,0,1,0,0,0,0,0,0,0,0,0,0,0,0,0,0
ねんりき,1.0,0.2,0.6666666666666666,1.0,0.625,0.0,1.0,0.14285714285714285,0,0,0,0,0,0,0,0,0,0,0,0,0,1,0,0,0,0
のしかかり,0.6666666666666666,0.34,0.8666666666666667,1.0,0.375,1.0,1.0,0.14285714285714285,0,0,0,0,0,0,0,0,0,0,0,0,0,0,0,0,1,0
のみこむ,0.3333333333333333,-1.0,-1.0,-1.0,0.25,0.0,0.0,0.9047619047619048,0,0,0,0,0,0,0,0,0,0,0,0,0,0,0,0,1,0
のろい,0.3333333333333333,-1.0,-1.0,-1.0,0.25,0.0,0.0,0.2857142857142857,0,0,0,0,0,0,0,0,0,0,0,0,0,0,1,0,0,0
ハードプラント,1.0,0.6,1.0,0.9,0.125,0.0,1.0,0.14285714285714285,0,0,0,1,0,0,0,0,0,0,0,0,0,0,0,0,0,0
はいすいのじん,0.3333333333333333,-1.0,-1.0,-1.0,0.125,0.0,0.0,0.9047619047619048,0,0,1,0,0,0,0,0,0,0,0,0,0,0,0,0,0,0
ハイドロカノン,1.0,0.6,1.0,0.9,0.125,0.0,1.0,0.14285714285714285,0,0,0,0,0,0,0,0,0,0,0,1,0,0,0,0,0,0
ハイドロポンプ,1.0,0.44,0.9333333333333333,0.8,0.125,0.0,1.0,0.14285714285714285,0,0,0,0,0,0,0,0,0,0,0,1,0,0,0,0,0,0
ハイパーボイス,1.0,0.36,0.8666666666666667,1.0,0.25,0.0,1.0,0.8571428571428571,0,0,0,0,0,0,0,0,0,0,0,0,0,0,0,0,1,0
はいよるいちげき,0.6666666666666666,0.28,0.8,0.9,0.25,1.0,1.0,0.14285714285714285,0,0,0,0,0,0,0,0,0,0,0,0,1,0,0,0,0,0
はかいこうせん,1.0,0.6,1.0,0.9,0.125,0.0,1.0,0.14285714285714285,0,0,0,0,0,0,0,0,0,0,0,0,0,0,0,0,1,0
はがねのつばさ,0.6666666666666666,0.28,0.8,0.9,0.625,1.0,1.0,0.14285714285714285,0,0,0,0,0,0,0,0,1,0,0,0,0,0,0,0,0,0
はきだす,1.0,-1.0,0.6666666666666666,1.0,0.25,0.0,1.0,0.14285714285714285,0,0,0,0,0,0,0,0,0,0,0,0,0,0,0,0,1,0
ハサミギロチン,0.6666666666666666,-1.0,0.8666666666666667,0.3,0.125,1.0,1.0,0.14285714285714285,0,0,0,0,0,0,0,0,0,0,0,0,0,0,0,0,1,0
はさむ,0.6666666666666666,0.22,0.7333333333333333,1.0,0.75,1.0,1.0,0.14285714285714285,0,0,0,0,0,0,0,0,0,0,0,0,0,0,0,0,1,0
はたきおとす,0.6666666666666666,0.26,0.8,1.0,0.5,1.0,1.0,0.14285714285714285,1,0,0,0,0,0,0,0,0,0,0,0,0,0,0,0,0,0
はたく,0.6666666666666666,0.16,0.6,1.0,0.875,1.0,1.0,0.14285714285714285,0,0,0,0,0,0,0,0,0,0,0,0,0,0,0,0,1,0
はっけい,0.6666666666666666,0.24,0.5333333333333333,1.0,0.25,1.0,1.0,0.14285714285714285,0,0,1,0,0,0,0,0,0,0,0,0,0,0,0,0,0,0
はっぱカッター,0.6666666666666666,0.22,0.7333333333333333,0.95,0.625,0.0,1.0,0.8571428571428571,0,0,0,1,0,0,0,0,0,0,0,0,0,0,0,0,0,0
ハッピータイム,0.3333333333333333,-1.0,-1.0,-1.0,0.75,0.0,0.0,0.47619047619047616,0,0,0,0,0,0,0,0,0,0,0,0,0,0,0,0,1,0
はどうだん,1.0,0.32,0.6,-1.0,0.5,0.0,1.0,0.14285714285714285,0,0,1,0,0,0,0,0,0,0,0,0,0,0,0,0,0,0
はなびらのまい,1.0,0.48,0.9333333333333333,1.0,0.25,1.0,1.0,0.23809523809523808,0,0,0,1,0,0,0,0,0,0,0,0,0,0,0,0,0,0
はなふぶき,0.6666666666666666,0.36,0.8666666666666667,1.0,0.375,0.0,1.0,1.0,0,0,0,1,0,0,0,0,0,0,0,0,0,0,0,0,0,0
はねやすめ,0.3333333333333333,-1.0,-1.0,-1.0,0.25,0.0,0.0,0.9047619047619048,0,0,0,0,0,0,0,0,0,1,0,0,0,0,0,0,0,0
はねる,0.3333333333333333,-1.0,-1.0,-1.0,1.0,0.0,0.0,0.9047619047619048,0,0,0,0,0,0,0,0,0,0,0,0,0,0,0,0,1,0
はめつのねがい,1.0,0.56,0.9333333333333333,1.0,0.125,0.0,0.0,0.14285714285714285,0,0,0,0,0,0,0,0,1,0,0,0,0,0,0,0,0,0
はらだいこ,0.3333333333333333,-1.0,-1.0,-1.0,0.25,0.0,0.0,0.9047619047619048,0,0,0,0,0,0,0,0,0,0,0,0,0,0,0,0,1,0
ハロウィン,0.3333333333333333,-1.0,-1.0,1.0,0.5,0.0,1.0,0.14285714285714285,0,0,0,0,0,0,0,0,0,0,0,0,0,0,1,0,0,0
バークアウト,1.0,0.22,0.7333333333333333,0.95,0.375,0.0,1.0,0.8571428571428571,1,0,0,0,0,0,0,0,0,0,0,0,0,0,0,0,0,0
ばかぢから,0.6666666666666666,0.48,0.6333333333333333,1.0,0.125,1.0,1.0,0.14285714285714285,0,0,1,0,0,0,0,0,0,0,0,0,0,0,0,0,0,0
ばくおんぱ,1.0,0.56,0.9333333333333333,1.0,0.25,0.0,1.0,1.0,0,0,0,0,0,0,0,0,0,0,0,0,0,0,0,0,1,0
ばくれつパンチ,0.6666666666666666,0.4,0.6,0.5,0.125,1.0,1.0,0.14285714285714285,0,0,1,0,0,0,0,0,0,0,0,0,0,0,0,0,0,0
バトンタッチ,0.3333333333333333,-1.0,-1.0,-1.0,1.0,0.0,0.0,0.9047619047619048,0,0,0,0,0,0,0,0,0,0,0,0,0,0,0,0,1,0
バブルこうせん,1.0,0.26,0.8,1.0,0.5,0.0,1.0,0.14285714285714285,0,0,0,0,0,0,0,0,0,0,0,1,0,0,0,0,0,0
バレットパンチ,0.6666666666666666,0.16,0.6,1.0,0.75,1.0,1.0,0.14285714285714285,0,0,0,0,0,0,0,0,1,0,0,0,0,0,0,0,0,0
パラボラチャージ,1.0,0.26,0.8,1.0,0.5,0.0,1.0,1.0,0,0,0,0,0,0,1,0,0,0,0,0,0,0,0,0,0,0
パワーウィップ,0.6666666666666666,0.48,0.9333333333333333,0.85,0.25,1.0,1.0,0.14285714285714285,0,0,0,1,0,0,0,0,0,0,0,0,0,0,0,0,0,0
パワーシェア,0.3333333333333333,-1.0,-1.0,-1.0,0.25,0.0,1.0,0.14285714285714285,0,0,0,0,0,0,0,0,0,0,0,0,0,1,0,0,0,0
パワージェム,1.0,0.32,0.8666666666666667,1.0,0.5,0.0,1.0,0.14285714285714285,0,1,0,0,0,0,0,0,0,0,0,0,0,0,0,0,0,0
パワースワップ,0.3333333333333333,-1.0,-1.0,-1.0,0.25,0.0,1.0,0.14285714285714285,0,0,0,0,0,0,0,0,0,0,0,0,0,1,0,0,0,0
パワートリック,0.3333333333333333,-1.0,-1.0,-1.0,0.25,0.0,0.0,0.9047619047619048,0,0,0,0,0,0,0,0,0,0,0,0,0,1,0,0,0,0
ヒートスタンプ,0.6666666666666666,-1.0,0.8666666666666667,1.0,0.25,1.0,1.0,0.14285714285714285,0,0,0,0,0,0,0,0,0,0,1,0,0,0,0,0,0,0
ひかりのかべ,0.3333333333333333,-1.0,-1.0,-1.0,0.75,0.0,0.0,0.47619047619047616,0,0,0,0,0,0,0,0,0,0,0,0,0,1,0,0,0,0
ひっかく,0.6666666666666666,0.16,0.6,1.0,0.875,1.0,1.0,0.14285714285714285,0,0,0,0,0,0,0,0,0,0,0,0,0,0,0,0,1,0
ひっくりかえす,0.3333333333333333,-1.0,-1.0,-1.0,0.5,0.0,1.0,0.14285714285714285,1,0,0,0,0,0,0,0,0,0,0,0,0,0,0,0,0,0
ひのこ,1.0,0.16,0.6,1.0,0.625,0.0,1.0,0.14285714285714285,0,0,0,0,0,0,0,0,0,0,1,0,0,0,0,0,0,0
びりびりちくちく,0.6666666666666666,0.32,0.8666666666666667,1.0,0.25,1.0,1.0,0.14285714285714285,0,0,0,0,0,0,1,0,0,0,0,0,0,0,0,0,0,0
ビルドアップ,0.3333333333333333,-1.0,-1.0,-1.0,0.5,0.0,0.0,0.9047619047619048,0,0,1,0,0,0,0,0,0,0,0,0,0,0,0,0,0,0
ファストガード,0.3333333333333333,-1.0,-1.0,-1.0,0.375,0.0,0.0,0.47619047619047616,0,0,1,0,0,0,0,0,0,0,0,0,0,0,0,0,0,0
ふいうち,0.6666666666666666,0.28,0.8,1.0,0.125,1.0,1.0,0.14285714285714285,1,0,0,0,0,0,0,0,0,0,0,0,0,0,0,0,0,0
ふういん,0.3333333333333333,-1.0,-1.0,-1.0,0.25,0.0,0.0,0.9047619047619048,0,0,0,0,0,0,0,0,0,0,0,0,0,1,0,0,0,0
フェアリーロック,0.3333333333333333,-1.0,-1.0,-1.0,0.25,0.0,0.0,0.38095238095238093,0,0,0,0,0,0,0,0,0,0,0,0,0,0,0,0,0,1
フェイント,0.6666666666666666,0.12,0.6,1.0,0.25,0.0,0.0,0.14285714285714285,0,0,0,0,0,0,0,0,0,0,0,0,0,0,0,0,1,0
フェザーダンス,0.3333333333333333,-1.0,-1.0,1.0,0.375,0.0,1.0,0.14285714285714285,0,0,0,0,0,0,0,0,0,1,0,0,0,0,0,0,0,0
フォトンゲイザー,1.0,0.4,0.8666666666666667,1.0,0.125,0.0,1.0,0.14285714285714285,0,0,0,0,0,0,0,0,0,0,0,0,0,1,0,0,0,0
ふきとばし,0.3333333333333333,-1.0,-1.0,-1.0,0.5,0.0,0.0,0.14285714285714285,0,0,0,0,0,0,0,0,0,0,0,0,0,0,0,0,1,0
ふくろだたき,0.6666666666666666,-1.0,0.6666666666666666,1.0,0.25,0.0,1.0,0.14285714285714285,1,0,0,0,0,0,0,0,0,0,0,0,0,0,0,0,0,0
ふぶき,1.0,0.44,0.9333333333333333,0.7,0.125,0.0,1.0,0.8571428571428571,0,0,0,0,1,0,0,0,0,0,0,0,0,0,0,0,0,0
ふみつけ,0.6666666666666666,0.26,0.8,1.0,0.5,1.0,1.0,0.14285714285714285,0,0,0,0,0,0,0,0,0,0,0,0,0,0,0,0,1,0
フライングプレス,0.6666666666666666,0.4,0.6,0.95,0.25,1.0,1.0,0.14285714285714285,0,0,1,0,0,0,0,0,0,0,0,0,0,0,0,0,0,0
フラフラダンス,0.3333333333333333,-1.0,-1.0,1.0,0.5,0.0,1.0,1.0,0,0,0,0,0,0,0,0,0,0,0,0,0,0,0,0,1,0
フラワーガード,0.3333333333333333,-1.0,-1.0,-1.0,0.25,0.0,0.0,0.3333333333333333,0,0,0,0,0,0,0,0,0,0,0,0,0,0,0,0,0,1
フラワーヒール,0.3333333333333333,-1.0,-1.0,-1.0,0.25,0.0,1.0,0.14285714285714285,0,0,0,0,0,0,0,0,0,0,0,0,0,0,0,0,0,1
フリーズドライ,1.0,0.28,0.8,1.0,0.5,0.0,1.0,0.14285714285714285,0,0,0,0,1,0,0,0,0,0,0,0,0,0,0,0,0,0
フリーズボルト,0.6666666666666666,0.56,0.9333333333333333,0.9,0.125,0.0,1.0,0.14285714285714285,0,0,0,0,1,0,0,0,0,0,0,0,0,0,0,0,0,0
ふるいたてる,0.3333333333333333,-1.0,-1.0,-1.0,0.75,0.0,0.0,0.9047619047619048,0,0,0,0,0,0,0,0,0,0,0,0,0,0,0,0,1,0
フレアドライブ,0.6666666666666666,0.48,0.9333333333333333,1.0,0.375,1.0,1.0,0.14285714285714285,0,0,0,0,0,0,0,0,0,0,1,0,0,0,0,0,0,0
ふんえん,1.0,0.32,0.8666666666666667,1.0,0.375,0.0,1.0,1.0,0,0,0,0,0,0,0,0,0,0,1,0,0,0,0,0,0,0
ふんか,1.0,0.6,1.0,1.0,0.125,0.0,1.0,0.8571428571428571,0,0,0,0,0,0,0,0,0,0,1,0,0,0,0,0,0,0
Vジェネレート,0.6666666666666666,0.72,1.0,0.95,0.125,1.0,1.0,0.14285714285714285,0,0,0,0,0,0,0,0,0,0,1,0,0,0,0,0,0,0
ブラストバーン,1.0,0.6,1.0,0.9,0.125,0.0,1.0,0.14285714285714285,0,0,0,0,0,0,0,0,0,0,1,0,0,0,0,0,0,0
ブレイククロー,0.6666666666666666,0.3,0.8666666666666667,0.95,0.25,1.0,1.0,0.14285714285714285,0,0,0,0,0,0,0,0,0,0,0,0,0,0,0,0,1,0
ブレイズキック,0.6666666666666666,0.34,0.8666666666666667,0.9,0.25,1.0,1.0,0.14285714285714285,0,0,0,0,0,0,0,0,0,0,1,0,0,0,0,0,0,0
ブレイブバード,0.6666666666666666,0.48,0.9333333333333333,1.0,0.375,1.0,1.0,0.14285714285714285,0,0,0,0,0,0,0,0,0,1,0,0,0,0,0,0,0,0
ブロッキング,0.3333333333333333,-1.0,-1.0,1.0,0.25,0.0,0.0,0.9047619047619048,1,0,0,0,0,0,0,0,0,0,0,0,0,0,0,0,0,0
ぶんまわす,0.6666666666666666,0.24,0.7333333333333333,1.0,0.5,1.0,1.0,1.0,1,0,0,0,0,0,0,0,0,0,0,0,0,0,0,0,0,0
プラズマフィスト,0.6666666666666666,0.4,0.8666666666666667,1.0,0.375,1.0,1.0,0.14285714285714285,0,0,0,0,0,0,1,0,0,0,0,0,0,0,0,0,0,0
プリズムレーザー,1.0,0.64,1.0,1.0,0.25,0.0,1.0,0.14285714285714285,0,0,0,0,0,0,0,0,0,0,0,0,0,1,0,0,0,0
プレゼント,0.6666666666666666,-1.0,0.6666666666666666,0.9,0.375,0.0,1.0,0.14285714285714285,0,0,0,0,0,0,0,0,0,0,0,0,0,0,0,0,1,0
ヘドロウェーブ,1.0,0.38,0.6,1.0,0.25,0.0,1.0,1.0,0,0,0,0,0,0,0,1,0,0,0,0,0,0,0,0,0,0
ヘドロこうげき,1.0,0.26,0.5666666666666667,1.0,0.5,0.0,1.0,0.14285714285714285,0,0,0,0,0,0,0,1,0,0,0,0,0,0,0,0,0,0
ヘドロばくだん,1.0,0.36,0.6,1.0,0.25,0.0,1.0,0.14285714285714285,0,0,0,0,0,0,0,1,0,0,0,0,0,0,0,0,0,0
ヘビーボンバー,0.6666666666666666,-1.0,0.8666666666666667,1.0,0.25,1.0,1.0,0.14285714285714285,0,0,0,0,0,0,0,0,1,0,0,0,0,0,0,0,0,0
へびにらみ,0.3333333333333333,-1.0,-1.0,1.0,0.75,0.0,1.0,0.14285714285714285,0,0,0,0,0,0,0,0,0,0,0,0,0,0,0,0,1,0
へんしん,0.3333333333333333,-1.0,-1.0,-1.0,0.25,0.0,0.0,0.14285714285714285,0,0,0,0,0,0,0,0,0,0,0,0,0,0,0,0,1,0
ベノムショック,1.0,0.26,0.5666666666666667,1.0,0.25,0.0,1.0,0.14285714285714285,0,0,0,0,0,0,0,1,0,0,0,0,0,0,0,0,0,0
ベノムトラップ,0.3333333333333333,-1.0,-1.0,1.0,0.5,0.0,1.0,0.8571428571428571,0,0,0,0,0,0,0,1,0,0,0,0,0,0,0,0,0,0
ほうでん,1.0,0.32,0.8666666666666667,1.0,0.375,0.0,1.0,1.0,0,0,0,0,0,0,1,0,0,0,0,0,0,0,0,0,0,0
ほえる,0.3333333333333333,-1.0,-1.0,-1.0,0.5,0.0,0.0,0.14285714285714285,0,0,0,0,0,0,0,0,0,0,0,0,0,0,0,0,1,0
ほおばる,0.3333333333333333,-1.0,-1.0,-1.0,0.25,0.0,0.0,0.9047619047619048,0,0,0,0,0,0,0,0,0,0,0,0,0,0,0,0,1,0
ほしがる,0.6666666666666666,0.24,0.7333333333333333,1.0,0.625,1.0,1.0,0.14285714285714285,0,0,0,0,0,0,0,0,0,0,0,0,0,0,0,0,1,0
ほっぺすりすり,0.6666666666666666,0.08,0.6,1.0,0.5,1.0,1.0,0.14285714285714285,0,0,0,0,0,0,1,0,0,0,0,0,0,0,0,0,0,0
ホネブーメラン,0.6666666666666666,0.2,0.8666666666666667,0.9,0.25,0.0,1.0,0.14285714285714285,0,0,0,0,0,1,0,0,0,0,0,0,0,0,0,0,0,0
ほのおのうず,1.0,0.14,0.6,0.85,0.375,0.0,1.0,0.14285714285714285,0,0,0,0,0,0,0,0,0,0,1,0,0,0,0,0,0,0
ほのおのキバ,0.6666666666666666,0.26,0.8,0.95,0.375,1.0,1.0,0.14285714285714285,0,0,0,0,0,0,0,0,0,0,1,0,0,0,0,0,0,0
ほのおのちかい,1.0,0.32,0.8666666666666667,1.0,0.25,0.0,1.0,0.14285714285714285,0,0,0,0,0,0,0,0,0,0,1,0,0,0,0,0,0,0
ほのおのパンチ,0.6666666666666666,0.3,0.8666666666666667,1.0,0.375,1.0,1.0,0.14285714285714285,0,0,0,0,0,0,0,0,0,0,1,0,0,0,0,0,0,0
ほのおのまい,1.0,0.32,0.8666666666666667,1.0,0.25,0.0,1.0,0.14285714285714285,0,0,0,0,0,0,0,0,0,0,1,0,0,0,0,0,0,0
ほのおのムチ,0.6666666666666666,0.32,0.8666666666666667,1.0,0.375,1.0,1.0,0.14285714285714285,0,0,0,0,0,0,0,0,0,0,1,0,0,0,0,0,0,0
ほろびのうた,0.3333333333333333,-1.0,-1.0,-1.0,0.125,0.0,0.0,0.3333333333333333,0,0,0,0,0,0,0,0,0,0,0,0,0,0,0,0,1,0
ボーンラッシュ,0.6666666666666666,0.1,0.8666666666666667,0.9,0.25,0.0,1.0,0.14285714285714285,0,0,0,0,0,1,0,0,0,0,0,0,0,0,0,0,0,0
ぼうぎょしれい,0.3333333333333333,-1.0,-1.0,-1.0,0.25,0.0,0.0,0.9047619047619048,0,0,0,0,0,0,0,0,0,0,0,0,1,0,0,0,0,0
ぼうふう,1.0,0.44,0.9333333333333333,0.7,0.25,0.0,1.0,0.14285714285714285,0,0,0,0,0,0,0,0,0,1,0,0,0,0,0,0,0,0
ボディパージ,0.3333333333333333,-1.0,-1.0,-1.0,0.375,0.0,0.0,0.9047619047619048,0,0,0,0,0,0,0,0,1,0,0,0,0,0,0,0,0,0
ボディプレス,0.6666666666666666,0.32,0.6,1.0,0.25,1.0,1.0,0.14285714285714285,0,0,1,0,0,0,0,0,0,0,0,0,0,0,0,0,0,0
ポルターガイスト,0.6666666666666666,0.44,0.9333333333333333,0.9,0.125,0.0,1.0,0.14285714285714285,0,0,0,0,0,0,0,0,0,0,0,0,0,0,1,0,0,0
ボルテッカー,0.6666666666666666,0.48,0.9333333333333333,1.0,0.375,1.0,1.0,0.14285714285714285,0,0,0,0,0,0,1,0,0,0,0,0,0,0,0,0,0,0
ボルトチェンジ,1.0,0.28,0.8,1.0,0.5,0.0,1.0,0.14285714285714285,0,0,0,0,0,0,1,0,0,0,0,0,0,0,0,0,0,0
ポイズンテール,0.6666666666666666,0.2,0.5,1.0,0.625,1.0,1.0,0.14285714285714285,0,0,0,0,0,0,0,1,0,0,0,0,0,0,0,0,0,0
まきつく,0.6666666666666666,0.06,0.6,0.9,0.5,1.0,1.0,0.14285714285714285,0,0,0,0,0,0,0,0,0,0,0,0,0,0,0,0,1,0
まきびし,0.3333333333333333,-1.0,-1.0,-1.0,0.5,0.0,0.0,0.8095238095238095,0,0,0,0,0,1,0,0,0,0,0,0,0,0,0,0,0,0
マグマストーム,1.0,-1.0,-1.0,-1.0,0.5,0.0,0.0,0.19047619047619047,0,0,0,0,0,0,0,0,0,0,1,0,0,0,0,0,0,0
マジカルシャイン,1.0,0.32,0.8666666666666667,1.0,0.25,0.0,1.0,0.8571428571428571,0,0,0,0,0,0,0,0,0,0,0,0,0,0,0,0,0,1
マジカルフレイム,1.0,0.4,0.8666666666666667,0.75,0.125,0.0,1.0,0.14285714285714285,0,0,0,0,0,0,0,0,0,0,1,0,0,0,0,0,0,0
マジカルリーフ,1.0,0.24,0.7333333333333333,-1.0,0.5,0.0,1.0,0.14285714285714285,0,0,0,1,0,0,0,0,0,0,0,0,0,0,0,0,0,0
マジックコート,0.3333333333333333,-1.0,-1.0,-1.0,0.375,0.0,0.0,0.9047619047619048,0,0,0,0,0,0,0,0,0,0,0,0,0,1,0,0,0,0
マジックルーム,0.3333333333333333,-1.0,-1.0,-1.0,0.25,0.0,0.0,0.38095238095238093,0,0,0,0,0,0,0,0,0,0,0,0,0,1,0,0,0,0
マッドショット,1.0,0.22,0.7333333333333333,0.95,0.375,0.0,1.0,0.14285714285714285,0,0,0,0,0,1,0,0,0,0,0,0,0,0,0,0,0,0
マッハパンチ,0.6666666666666666,0.16,0.4666666666666667,1.0,0.75,1.0,1.0,0.14285714285714285,0,0,1,0,0,0,0,0,0,0,0,0,0,0,0,0,0,0
まとわりつく,1.0,0.08,0.6,1.0,0.5,1.0,1.0,0.14285714285714285,0,0,0,0,0,0,0,0,0,0,0,0,1,0,0,0,0,0
まねっこ,0.3333333333333333,-1.0,-1.0,-1.0,0.5,0.0,0.0,0.9047619047619048,0,0,0,0,0,0,0,0,0,0,0,0,0,0,0,0,1,0
まほうのこな,0.3333333333333333,-1.0,-1.0,1.0,0.5,0.0,1.0,0.14285714285714285,0,0,0,0,0,0,0,0,0,0,0,0,0,1,0,0,0,0
まもる,0.3333333333333333,-1.0,-1.0,-1.0,0.25,0.0,0.0,0.9047619047619048,0,0,0,0,0,0,0,0,0,0,0,0,0,0,0,0,1,0
まるくなる,0.3333333333333333,-1.0,-1.0,-1.0,1.0,0.0,0.0,0.9047619047619048,0,0,0,0,0,0,0,0,0,0,0,0,0,0,0,0,1,0
マルチアタック,0.6666666666666666,0.48,0.6333333333333333,1.0,0.25,1.0,1.0,0.14285714285714285,0,0,0,0,0,0,0,0,0,0,0,0,0,0,0,0,1,0
みがわり,0.3333333333333333,-1.0,-1.0,-1.0,0.25,0.0,0.0,0.9047619047619048,0,0,0,0,0,0,0,0,0,0,0,0,0,0,0,0,1,0
みきり,0.3333333333333333,-1.0,-1.0,-1.0,0.125,0.0,0.0,0.9047619047619048,0,0,1,0,0,0,0,0,0,0,0,0,0,0,0,0,0,0
ミサイルばり,0.6666666666666666,0.1,0.8666666666666667,0.95,0.5,0.0,1.0,0.14285714285714285,0,0,0,0,0,0,0,0,0,0,0,0,1,0,0,0,0,0
ミストバースト,1.0,0.4,0.8666666666666667,1.0,0.125,0.0,1.0,1.0,0,0,0,0,0,0,0,0,0,0,0,0,0,0,0,0,0,1
ミストフィールド,0.3333333333333333,-1.0,-1.0,-1.0,0.25,0.0,0.0,0.38095238095238093,0,0,0,0,0,0,0,0,0,0,0,0,0,0,0,0,0,1
みずしゅりけん,1.0,0.06,0.6,1.0,0.5,0.0,1.0,0.14285714285714285,0,0,0,0,0,0,0,0,0,0,0,1,0,0,0,0,0,0
みずでっぽう,1.0,0.16,0.6,1.0,0.625,0.0,1.0,0.14285714285714285,0,0,0,0,0,0,0,0,0,0,0,1,0,0,0,0,0,0
みずのちかい,1.0,0.32,0.8666666666666667,1.0,0.25,0.0,1.0,0.14285714285714285,0,0,0,0,0,0,0,0,0,0,0,1,0,0,0,0,0,0
みずのはどう,1.0,0.24,0.7333333333333333,1.0,0.5,0.0,1.0,0.14285714285714285,0,0,0,0,0,0,0,0,0,0,0,1,0,0,0,0,0,0
みずびたし,0.3333333333333333,-1.0,-1.0,1.0,0.5,0.0,1.0,0.14285714285714285,0,0,0,0,0,0,0,0,0,0,0,1,0,0,0,0,0,0
みだれづき,0.6666666666666666,0.06,0.6,0.85,0.5,1.0,1.0,0.14285714285714285,0,0,0,0,0,0,0,0,0,0,0,0,0,0,0,0,1,0
みだれひっかき,0.6666666666666666,0.072,0.6666666666666666,0.8,0.375,1.0,1.0,0.14285714285714285,0,0,0,0,0,0,0,0,0,0,0,0,0,0,0,0,1,0
みちづれ,0.3333333333333333,-1.0,-1.0,-1.0,0.125,0.0,0.0,0.9047619047619048,0,0,0,0,0,0,0,0,0,0,0,0,0,0,1,0,0,0
みねうち,0.6666666666666666,0.16,0.6,1.0,1.0,1.0,1.0,0.14285714285714285,0,0,0,0,0,0,0,0,0,0,0,0,0,0,0,0,1,0
ミラーコート,1.0,-1.0,0.6666666666666666,1.0,0.5,0.0,1.0,0.2857142857142857,0,0,0,0,0,0,0,0,0,0,0,0,0,1,0,0,0,0
ミラータイプ,0.3333333333333333,-1.0,-1.0,-1.0,0.375,0.0,1.0,0.14285714285714285,0,0,0,0,0,0,0,0,0,0,0,0,0,0,0,0,1,0
みらいよち,1.0,0.48,0.9333333333333333,1.0,0.25,0.0,0.0,0.14285714285714285,0,0,0,0,0,0,0,0,0,0,0,0,0,1,0,0,0,0
ムーンフォース,1.0,0.38,0.8666666666666667,1.0,0.375,0.0,1.0,0.14285714285714285,0,0,0,0,0,0,0,0,0,0,0,0,0,0,0,0,0,1
ムゲンダイビーム,1.0,0.64,1.0,0.9,0.125,0.0,1.0,0.14285714285714285,0,0,0,0,0,0,0,0,0,0,0,0,0,0,0,1,0,0
むしくい,0.6666666666666666,0.24,0.7333333333333333,1.0,0.5,1.0,1.0,0.14285714285714285,0,0,0,0,0,0,0,0,0,0,0,0,1,0,0,0,0,0
むしのさざめき,1.0,0.36,0.8666666666666667,1.0,0.25,0.0,1.0,0.14285714285714285,0,0,0,0,0,0,0,0,0,0,0,0,1,0,0,0,0,0
むしのていこう,1.0,0.2,0.6666666666666666,1.0,0.5,0.0,1.0,0.8571428571428571,0,0,0,0,0,0,0,0,0,0,0,0,1,0,0,0,0,0
めいそう,0.3333333333333333,-1.0,-1.0,-1.0,0.5,0.0,0.0,0.9047619047619048,0,0,0,0,0,0,0,0,0,0,0,0,0,1,0,0,0,0
メガトンキック,0.6666666666666666,0.48,0.9333333333333333,0.75,0.125,1.0,1.0,0.14285714285714285,0,0,0,0,0,0,0,0,0,0,0,0,0,0,0,0,1,0
メガトンパンチ,0.6666666666666666,0.32,0.8666666666666667,0.85,0.5,1.0,1.0,0.14285714285714285,0,0,0,0,0,0,0,0,0,0,0,0,0,0,0,0,1,0
メガドレイン,1.0,0.16,0.6,1.0,0.375,0.0,1.0,0.14285714285714285,0,0,0,1,0,0,0,0,0,0,0,0,0,0,0,0,0,0
メガホーン,0.6666666666666666,0.48,0.9333333333333333,0.85,0.25,1.0,1.0,0.14285714285714285,0,0,0,0,0,0,0,0,0,0,0,0,1,0,0,0,0,0
メタルクロー,0.6666666666666666,0.2,0.6666666666666666,0.95,0.875,1.0,1.0,0.14285714285714285,0,0,0,0,0,0,0,0,1,0,0,0,0,0,0,0,0,0
メタルバースト,0.6666666666666666,-1.0,0.6666666666666666,1.0,0.25,0.0,1.0,0.2857142857142857,0,0,0,0,0,0,0,0,1,0,0,0,0,0,0,0,0,0
メテオドライブ,0.6666666666666666,0.48,0.9333333333333333,0.9,0.125,1.0,1.0,0.14285714285714285,0,0,0,0,0,0,0,0,1,0,0,0,0,0,0,0,0,0
メテオビーム,0.6666666666666666,0.4,0.8666666666666667,1.0,0.25,0.0,1.0,0.09523809523809523,0,1,0,0,0,0,0,0,0,0,0,0,0,0,0,0,0,0
メロメロ,0.3333333333333333,-1.0,-1.0,1.0,0.375,0.0,1.0,0.14285714285714285,0,0,0,0,0,0,0,0,0,0,0,0,0,0,0,0,1,0
もえつきる,1.0,0.52,0.9333333333333333,1.0,0.125,0.0,1.0,0.14285714285714285,0,0,0,0,0,0,0,0,0,0,1,0,0,0,0,0,0,0
ものまね,0.3333333333333333,-1.0,-1.0,-1.0,0.25,0.0,1.0,0.14285714285714285,0,0,0,0,0,0,0,0,0,0,0,0,0,0,0,0,1,0
もりののろい,0.3333333333333333,-1.0,-1.0,1.0,0.5,0.0,1.0,0.14285714285714285,0,0,0,1,0,0,0,0,0,0,0,0,0,0,0,0,0,0
もろはのずつき,0.6666666666666666,0.6,1.0,0.8,0.125,1.0,1.0,0.14285714285714285,0,1,0,0,0,0,0,0,0,0,0,0,0,0,0,0,0,0
やきつくす,1.0,0.24,0.7333333333333333,1.0,0.375,0.0,1.0,0.8571428571428571,0,0,0,0,0,0,0,0,0,0,1,0,0,0,0,0,0,0
やどりぎのタネ,0.3333333333333333,-1.0,-1.0,0.9,0.25,0.0,1.0,0.14285714285714285,0,0,0,1,0,0,0,0,0,0,0,0,0,0,0,0,0,0
やまあらし,0.6666666666666666,0.24,0.5333333333333333,1.0,0.25,1.0,1.0,0.14285714285714285,0,0,1,0,0,0,0,0,0,0,0,0,0,0,0,0,0,0
ゆきなだれ,0.6666666666666666,0.24,0.7333333333333333,1.0,0.25,1.0,1.0,0.14285714285714285,0,0,0,0,1,0,0,0,0,0,0,0,0,0,0,0,0,0
ゆびをふる,0.3333333333333333,-1.0,-1.0,-1.0,0.25,0.0,0.0,0.9047619047619048,0,0,0,0,0,0,0,0,0,0,0,0,0,0,0,0,1,0
ゆめくい,1.0,0.4,0.8666666666666667,1.0,0.375,0.0,1.0,0.14285714285714285,0,0,0,0,0,0,0,0,0,0,0,0,0,1,0,0,0,0
ようかいえき,1.0,0.16,0.4666666666666667,1.0,0.75,0.0,1.0,0.8571428571428571,0,0,0,0,0,0,0,1,0,0,0,0,0,0,0,0,0,0
ようせいのかぜ,1.0,0.16,0.6,1.0,0.75,0.0,1.0,0.14285714285714285,0,0,0,0,0,0,0,0,0,0,0,0,0,0,0,0,0,1
らいげき,0.6666666666666666,0.52,0.9333333333333333,0.85,0.125,1.0,1.0,0.14285714285714285,0,0,0,0,0,0,1,0,0,0,0,0,0,0,0,0,0,0
ライジングボルト,1.0,0.28,0.9333333333333333,1.0,0.5,0.0,1.0,0.14285714285714285,0,0,0,0,0,0,1,0,0,0,0,0,0,0,0,0,0,0
らいめいげり,0.6666666666666666,0.36,0.6,1.0,0.25,1.0,1.0,0.14285714285714285,0,0,1,0,0,0,0,0,0,0,0,0,0,0,0,0,0,0
ラスターカノン,1.0,0.32,0.8666666666666667,1.0,0.25,0.0,1.0,0.14285714285714285,0,0,0,0,0,0,0,0,1,0,0,0,0,0,0,0,0,0
リーフストーム,1.0,0.52,0.9333333333333333,0.9,0.125,0.0,1.0,0.14285714285714285,0,0,0,1,0,0,0,0,0,0,0,0,0,0,0,0,0,0
リーフブレード,0.6666666666666666,0.36,0.8666666666666667,1.0,0.375,1.0,1.0,0.14285714285714285,0,0,0,1,0,0,0,0,0,0,0,0,0,0,0,0,0,0
リサイクル,0.3333333333333333,-1.0,-1.0,-1.0,0.25,0.0,0.0,0.9047619047619048,0,0,0,0,0,0,0,0,0,0,0,0,0,0,0,0,1,0
リフレクター,0.3333333333333333,-1.0,-1.0,-1.0,0.5,0.0,0.0,0.47619047619047616,0,0,0,0,0,0,0,0,0,0,0,0,0,1,0,0,0,0
リベンジ,0.6666666666666666,0.24,0.5333333333333333,1.0,0.25,1.0,1.0,0.14285714285714285,0,0,1,0,0,0,0,0,0,0,0,0,0,0,0,0,0,0
りゅうせいぐん,1.0,0.52,0.9333333333333333,0.9,0.125,0.0,1.0,0.14285714285714285,0,0,0,0,0,0,0,0,0,0,0,0,0,0,0,1,0,0
りゅうのいぶき,1.0,0.24,0.7333333333333333,1.0,0.5,0.0,1.0,0.14285714285714285,0,0,0,0,0,0,0,0,0,0,0,0,0,0,0,1,0,0
りゅうのはどう,1.0,0.34,0.8666666666666667,1.0,0.25,0.0,1.0,0.14285714285714285,0,0,0,0,0,0,0,0,0,0,0,0,0,0,0,1,0,0
りゅうのまい,0.3333333333333333,-1.0,-1.0,-1.0,0.5,0.0,0.0,0.9047619047619048,0,0,0,0,0,0,0,0,0,0,0,0,0,0,0,1,0,0
りんごさん,1.0,0.32,0.8666666666666667,1.0,0.25,0.0,1.0,0.14285714285714285,0,0,0,1,0,0,0,0,0,0,0,0,0,0,0,0,0,0
りんしょう,1.0,0.24,0.7333333333333333,1.0,0.375,0.0,1.0,0.14285714285714285,0,0,0,0,0,0,0,0,0,0,0,0,0,0,0,0,1,0
れいとうパンチ,0.6666666666666666,0.3,0.8666666666666667,1.0,0.375,1.0,1.0,0.14285714285714285,0,0,0,0,1,0,0,0,0,0,0,0,0,0,0,0,0,0
れいとうビーム,1.0,0.36,0.8666666666666667,1.0,0.25,0.0,1.0,0.14285714285714285,0,0,0,0,1,0,0,0,0,0,0,0,0,0,0,0,0,0
れんごく,1.0,0.4,0.8666666666666667,0.5,0.125,0.0,1.0,0.14285714285714285,0,0,0,0,0,0,0,0,0,0,1,0,0,0,0,0,0,0
れんぞくぎり,0.6666666666666666,0.16,0.6,0.95,0.5,1.0,1.0,0.14285714285714285,0,0,0,0,0,0,0,0,0,0,0,0,1,0,0,0,0,0
ローキック,0.6666666666666666,0.26,0.5666666666666667,1.0,0.5,1.0,1.0,0.14285714285714285,0,0,1,0,0,0,0,0,0,0,0,0,0,0,0,0,0,0
ロケットずつき,0.6666666666666666,0.52,0.9333333333333333,1.0,0.25,1.0,1.0,0.14285714285714285,0,0,0,0,0,0,0,0,0,0,0,0,0,0,0,0,1,0
ロックオン,0.3333333333333333,-1.0,-1.0,-1.0,0.125,0.0,1.0,0.14285714285714285,0,0,0,0,0,0,0,0,0,0,0,0,0,0,0,0,1,0
ロックカット,0.3333333333333333,-1.0,-1.0,-1.0,0.5,0.0,0.0,0.9047619047619048,0,1,0,0,0,0,0,0,0,0,0,0,0,0,0,0,0,0
ロックブラスト,0.6666666666666666,0.1,0.8666666666666667,0.9,0.25,0.0,1.0,0.14285714285714285,0,1,0,0,0,0,0,0,0,0,0,0,0,0,0,0,0,0
ワイドガード,0.3333333333333333,-1.0,-1.0,-1.0,0.25,0.0,0.0,0.47619047619047616,0,1,0,0,0,0,0,0,0,0,0,0,0,0,0,0,0,0
ワイドブレイカー,0.6666666666666666,0.24,0.7333333333333333,1.0,0.375,1.0,1.0,0.8571428571428571,0,0,0,0,0,0,0,0,0,0,0,0,0,0,0,1,0,0
ワイドフォース,1.0,0.32,0.8666666666666667,1.0,0.375,0.0,1.0,0.6666666666666666,0,0,0,0,0,0,0,0,0,0,0,0,0,1,0,0,0,0
ワイルドボルト,0.6666666666666666,0.36,0.8666666666666667,1.0,0.375,1.0,1.0,0.14285714285714285,0,0,0,0,0,0,1,0,0,0,0,0,0,0,0,0,0,0
わたほうし,0.3333333333333333,-1.0,-1.0,1.0,1.0,0.0,1.0,0.8571428571428571,0,0,0,1,0,0,0,0,0,0,0,0,0,0,0,0,0,0
わるあがき,0.6666666666666666,0.2,0.006666666666666667,-1.0,0.025,1.0,1.0,0.23809523809523808,0,0,0,0,0,0,0,0,0,0,0,0,0,0,0,0,1,0
わるだくみ,0.3333333333333333,-1.0,-1.0,-1.0,0.5,0.0,0.0,0.9047619047619048,1,0,0,0,0,0,0,0,0,0,0,0,0,0,0,0,0,0
ワンダースチーム,1.0,0.36,0.8666666666666667,0.95,0.25,0.0,1.0,0.14285714285714285,0,0,0,0,0,0,0,0,0,0,0,0,0,0,0,0,0,1
ワンダールーム,0.3333333333333333,-1.0,-1.0,-1.0,0.25,0.0,0.0,0.38095238095238093,0,0,0,0,0,0,0,0,0,0,0,0,0,1,0,0,0,0
